John A Barrasso (R),N00006236,2018,Oil & Gas,E01,390400
John A Barrasso (R),N00006236,2018,Securities & Investment,F07,384062
John A Barrasso (R),N00006236,2018,Health Professionals,H01,329275
John A Barrasso (R),N00006236,2018,Leadership PACs,Q03,261450
John A Barrasso (R),N00006236,2018,Pharmaceuticals/Health Products,H04,235300
John A Barrasso (R),N00006236,2018,Lobbyists,K02,224668
John A Barrasso (R),N00006236,2018,Electric Utilities,E08,199450
John A Barrasso (R),N00006236,2018,Retired,W06,187071
John A Barrasso (R),N00006236,2018,Lawyers/Law Firms,K01,154500
John A Barrasso (R),N00006236,2018,Insurance,F09,140700
Mike Enzi (R),N00006249,2018,Leadership PACs,Q03,300572
Mike Enzi (R),N00006249,2018,Oil & Gas,E01,203583
Mike Enzi (R),N00006249,2018,Health Professionals,H01,191200
Mike Enzi (R),N00006249,2018,Pharmaceuticals/Health Products,H04,188200
Mike Enzi (R),N00006249,2018,Insurance,F09,165750
Mike Enzi (R),N00006249,2018,Securities & Investment,F07,157944
Mike Enzi (R),N00006249,2018,Retail Sales,N03,103850
Mike Enzi (R),N00006249,2018,Real Estate,F10,92550
Mike Enzi (R),N00006249,2018,Lobbyists,K02,88252
Mike Enzi (R),N00006249,2018,Mining,E04,77550
Ron Johnson (R),N00032546,2018,Retired,W06,5643923
Ron Johnson (R),N00032546,2018,Securities & Investment,F07,1261771
Ron Johnson (R),N00032546,2018,Republican/Conservative,Q01,1241106
Ron Johnson (R),N00032546,2018,Real Estate,F10,922665
Ron Johnson (R),N00032546,2018,Lawyers/Law Firms,K01,565219
Ron Johnson (R),N00032546,2018,Leadership PACs,Q03,521654
Ron Johnson (R),N00032546,2018,Misc Manufacturing & Distributing,N15,505443
Ron Johnson (R),N00032546,2018,Misc Finance,F13,456413
Ron Johnson (R),N00032546,2018,Oil & Gas,E01,440559
Ron Johnson (R),N00032546,2018,Health Professionals,H01,434764
Tammy Baldwin (D),N00004367,2018,Retired,W06,1852830
Tammy Baldwin (D),N00004367,2018,Women's Issues,Q08,930812
Tammy Baldwin (D),N00004367,2018,Democratic/Liberal,Q02,802860
Tammy Baldwin (D),N00004367,2018,Lawyers/Law Firms,K01,732548
Tammy Baldwin (D),N00004367,2018,Education,W04,389254
Tammy Baldwin (D),N00004367,2018,Leadership PACs,Q03,322700
Tammy Baldwin (D),N00004367,2018,Health Professionals,H01,289372
Tammy Baldwin (D),N00004367,2018,Real Estate,F10,289093
Tammy Baldwin (D),N00004367,2018,Business Services,N05,247263
Tammy Baldwin (D),N00004367,2018,Human Rights,Q09,222407
Shelley Moore Capito (R),N00009771,2018,Securities & Investment,F07,459815
Shelley Moore Capito (R),N00009771,2018,Retired,W06,412996
Shelley Moore Capito (R),N00009771,2018,Lawyers/Law Firms,K01,351913
Shelley Moore Capito (R),N00009771,2018,Leadership PACs,Q03,331100
Shelley Moore Capito (R),N00009771,2018,Mining,E04,304749
Shelley Moore Capito (R),N00009771,2018,Insurance,F09,277438
Shelley Moore Capito (R),N00009771,2018,Commercial Banks,F03,274175
Shelley Moore Capito (R),N00009771,2018,Oil & Gas,E01,271366
Shelley Moore Capito (R),N00009771,2018,Health Professionals,H01,236066
Shelley Moore Capito (R),N00009771,2018,Real Estate,F10,189678
Maria Cantwell (D),N00007836,2018,Retired,W06,484647
Maria Cantwell (D),N00007836,2018,Lawyers/Law Firms,K01,474190
Maria Cantwell (D),N00007836,2018,Real Estate,F10,329703
Maria Cantwell (D),N00007836,2018,Lobbyists,K02,266409
Maria Cantwell (D),N00007836,2018,Women's Issues,Q08,219913
Maria Cantwell (D),N00007836,2018,Securities & Investment,F07,196080
Maria Cantwell (D),N00007836,2018,Casinos/Gambling,N07,137315
Maria Cantwell (D),N00007836,2018,Environment,Q11,112543
Maria Cantwell (D),N00007836,2018,Electronics Mfg & Equip,B12,103491
Maria Cantwell (D),N00007836,2018,Business Services,N05,98779
Patty Murray (D),N00007876,2018,Lawyers/Law Firms,K01,745038
Patty Murray (D),N00007876,2018,Retired,W06,646188
Patty Murray (D),N00007876,2018,Pharmaceuticals/Health Products,H04,529893
Patty Murray (D),N00007876,2018,Lobbyists,K02,424217
Patty Murray (D),N00007876,2018,Women's Issues,Q08,417462
Patty Murray (D),N00007876,2018,Health Professionals,H01,395909
Patty Murray (D),N00007876,2018,Securities & Investment,F07,351309
Patty Murray (D),N00007876,2018,Leadership PACs,Q03,332405
Patty Murray (D),N00007876,2018,Insurance,F09,324441
Patty Murray (D),N00007876,2018,Electronics Mfg & Equip,B12,284950
Mark Warner (D),N00002097,2018,Securities & Investment,F07,1450513
Mark Warner (D),N00002097,2018,Lawyers/Law Firms,K01,1409149
Mark Warner (D),N00002097,2018,Retired,W06,1283294
Mark Warner (D),N00002097,2018,Real Estate,F10,939556
Mark Warner (D),N00002097,2018,Insurance,F09,544150
Mark Warner (D),N00002097,2018,Leadership PACs,Q03,389100
Mark Warner (D),N00002097,2018,Lobbyists,K02,378088
Mark Warner (D),N00002097,2018,Business Services,N05,373479
Mark Warner (D),N00002097,2018,Misc Finance,F13,351545
Mark Warner (D),N00002097,2018,Electronics Mfg & Equip,B12,327017
Tim Kaine (D),N00033177,2018,Lawyers/Law Firms,K01,1917279
Tim Kaine (D),N00033177,2018,Securities & Investment,F07,974428
Tim Kaine (D),N00033177,2018,Retired,W06,916858
Tim Kaine (D),N00033177,2018,Real Estate,F10,586556
Tim Kaine (D),N00033177,2018,Democratic/Liberal,Q02,547943
Tim Kaine (D),N00033177,2018,Business Services,N05,402673
Tim Kaine (D),N00033177,2018,Leadership PACs,Q03,320500
Tim Kaine (D),N00033177,2018,Education,W04,318356
Tim Kaine (D),N00033177,2018,Lobbyists,K02,305448
Tim Kaine (D),N00033177,2018,TV/Movies/Music,B02,300469
Bernie Sanders (I),N00000528,2018,Democratic/Liberal,Q02,589780
Bernie Sanders (I),N00000528,2018,Retired,W06,299563
Bernie Sanders (I),N00000528,2018,Education,W04,120109
Bernie Sanders (I),N00000528,2018,Health Professionals,H01,68986
Bernie Sanders (I),N00000528,2018,Lawyers/Law Firms,K01,40609
Bernie Sanders (I),N00000528,2018,Leadership PACs,Q03,35000
Bernie Sanders (I),N00000528,2018,Public Sector Unions,P04,31848
Bernie Sanders (I),N00000528,2018,Misc Business,N12,30687
Bernie Sanders (I),N00000528,2018,Real Estate,F10,26810
Bernie Sanders (I),N00000528,2018,Electronics Mfg & Equip,B12,25993
Patrick Leahy (D),N00009918,2018,Lawyers/Law Firms,K01,568575
Patrick Leahy (D),N00009918,2018,Leadership PACs,Q03,331600
Patrick Leahy (D),N00009918,2018,TV/Movies/Music,B02,270406
Patrick Leahy (D),N00009918,2018,Securities & Investment,F07,183400
Patrick Leahy (D),N00009918,2018,Lobbyists,K02,174172
Patrick Leahy (D),N00009918,2018,Retired,W06,158489
Patrick Leahy (D),N00009918,2018,Electronics Mfg & Equip,B12,122142
Patrick Leahy (D),N00009918,2018,Telecom Services,B09,121350
Patrick Leahy (D),N00009918,2018,Defense Aerospace,D01,92102
Patrick Leahy (D),N00009918,2018,Internet,B13,79600
Mike Lee (R),N00031696,2018,Republican/Conservative,Q01,776983
Mike Lee (R),N00031696,2018,Securities & Investment,F07,460296
Mike Lee (R),N00031696,2018,Retired,W06,358452
Mike Lee (R),N00031696,2018,Lawyers/Law Firms,K01,351791
Mike Lee (R),N00031696,2018,Real Estate,F10,298690
Mike Lee (R),N00031696,2018,Oil & Gas,E01,259220
Mike Lee (R),N00031696,2018,Pro-Israel,Q05,236300
Mike Lee (R),N00031696,2018,Misc Finance,F13,186075
Mike Lee (R),N00031696,2018,Leadership PACs,Q03,178705
Mike Lee (R),N00031696,2018,Misc Manufacturing & Distributing,N15,156700
Orrin G Hatch (R),N00009869,2018,Securities & Investment,F07,779262
Orrin G Hatch (R),N00009869,2018,Pharmaceuticals/Health Products,H04,685619
Orrin G Hatch (R),N00009869,2018,Lobbyists,K02,570202
Orrin G Hatch (R),N00009869,2018,Misc Issues,Q10,535000
Orrin G Hatch (R),N00009869,2018,Lawyers/Law Firms,K01,412094
Orrin G Hatch (R),N00009869,2018,Insurance,F09,364950
Orrin G Hatch (R),N00009869,2018,Health Professionals,H01,319814
Orrin G Hatch (R),N00009869,2018,Real Estate,F10,310900
Orrin G Hatch (R),N00009869,2018,Oil & Gas,E01,256300
Orrin G Hatch (R),N00009869,2018,Health Services/HMOs,H03,230533
Ted Cruz (R),N00033085,2018,Retired,W06,2463012
Ted Cruz (R),N00033085,2018,Republican/Conservative,Q01,1048865
Ted Cruz (R),N00033085,2018,Real Estate,F10,805105
Ted Cruz (R),N00033085,2018,Oil & Gas,E01,739979
Ted Cruz (R),N00033085,2018,Securities & Investment,F07,711657
Ted Cruz (R),N00033085,2018,Lawyers/Law Firms,K01,572447
Ted Cruz (R),N00033085,2018,Misc Finance,F13,420805
Ted Cruz (R),N00033085,2018,Health Professionals,H01,369168
Ted Cruz (R),N00033085,2018,Misc Business,N12,307903
Ted Cruz (R),N00033085,2018,Business Services,N05,295053
John Cornyn (R),N00024852,2018,Securities & Investment,F07,1309493
John Cornyn (R),N00024852,2018,Oil & Gas,E01,1144565
John Cornyn (R),N00024852,2018,Health Professionals,H01,801349
John Cornyn (R),N00024852,2018,Lawyers/Law Firms,K01,716903
John Cornyn (R),N00024852,2018,Real Estate,F10,672289
John Cornyn (R),N00024852,2018,Retired,W06,584854
John Cornyn (R),N00024852,2018,Insurance,F09,427003
John Cornyn (R),N00024852,2018,Commercial Banks,F03,360865
John Cornyn (R),N00024852,2018,Misc Finance,F13,355325
John Cornyn (R),N00024852,2018,Leadership PACs,Q03,332358
Bob Corker (R),N00027441,2018,Retired,W06,151671
Bob Corker (R),N00027441,2018,Lawyers/Law Firms,K01,142792
Bob Corker (R),N00027441,2018,Securities & Investment,F07,142661
Bob Corker (R),N00027441,2018,Real Estate,F10,138860
Bob Corker (R),N00027441,2018,Insurance,F09,78534
Bob Corker (R),N00027441,2018,Commercial Banks,F03,66642
Bob Corker (R),N00027441,2018,Leadership PACs,Q03,65000
Bob Corker (R),N00027441,2018,Health Professionals,H01,59663
Bob Corker (R),N00027441,2018,Misc Finance,F13,51781
Bob Corker (R),N00027441,2018,Lobbyists,K02,45275
Lamar Alexander (R),N00009888,2018,Pharmaceuticals/Health Products,H04,329100
Lamar Alexander (R),N00009888,2018,Leadership PACs,Q03,307215
Lamar Alexander (R),N00009888,2018,Securities & Investment,F07,260300
Lamar Alexander (R),N00009888,2018,Health Professionals,H01,259900
Lamar Alexander (R),N00009888,2018,Real Estate,F10,253450
Lamar Alexander (R),N00009888,2018,Lawyers/Law Firms,K01,236227
Lamar Alexander (R),N00009888,2018,Retired,W06,214615
Lamar Alexander (R),N00009888,2018,Insurance,F09,212850
Lamar Alexander (R),N00009888,2018,Hospitals/Nursing Homes,H02,190267
Lamar Alexander (R),N00009888,2018,Oil & Gas,E01,149286
John Thune (R),N00004572,2018,Retired,W06,629487
John Thune (R),N00004572,2018,Securities & Investment,F07,453784
John Thune (R),N00004572,2018,Lobbyists,K02,377262
John Thune (R),N00004572,2018,Insurance,F09,329922
John Thune (R),N00004572,2018,Real Estate,F10,303913
John Thune (R),N00004572,2018,Leadership PACs,Q03,287115
John Thune (R),N00004572,2018,Lawyers/Law Firms,K01,265886
John Thune (R),N00004572,2018,Air Transport,M01,225190
John Thune (R),N00004572,2018,Telecom Services,B09,217400
John Thune (R),N00004572,2018,Health Professionals,H01,201492
Tim Scott (R),N00031782,2018,Securities & Investment,F07,1117826
Tim Scott (R),N00031782,2018,Insurance,F09,826425
Tim Scott (R),N00031782,2018,Real Estate,F10,577596
Tim Scott (R),N00031782,2018,Lawyers/Law Firms,K01,486703
Tim Scott (R),N00031782,2018,Oil & Gas,E01,481276
Tim Scott (R),N00031782,2018,Pharmaceuticals/Health Products,H04,468400
Tim Scott (R),N00031782,2018,Leadership PACs,Q03,461265
Tim Scott (R),N00031782,2018,Retired,W06,437475
Tim Scott (R),N00031782,2018,Health Professionals,H01,409500
Tim Scott (R),N00031782,2018,Electric Utilities,E08,326554
Lindsey Graham (R),N00009975,2018,Lawyers/Law Firms,K01,1134362
Lindsey Graham (R),N00009975,2018,Securities & Investment,F07,925889
Lindsey Graham (R),N00009975,2018,Retired,W06,641017
Lindsey Graham (R),N00009975,2018,Real Estate,F10,561179
Lindsey Graham (R),N00009975,2018,Leadership PACs,Q03,313000
Lindsey Graham (R),N00009975,2018,Pro-Israel,Q05,290250
Lindsey Graham (R),N00009975,2018,Health Professionals,H01,241118
Lindsey Graham (R),N00009975,2018,Lobbyists,K02,176406
Lindsey Graham (R),N00009975,2018,Misc Finance,F13,165350
Lindsey Graham (R),N00009975,2018,Defense Aerospace,D01,164993
Sheldon Whitehouse (D),N00027533,2018,Lawyers/Law Firms,K01,555466
Sheldon Whitehouse (D),N00027533,2018,Environment,Q11,284629
Sheldon Whitehouse (D),N00027533,2018,Retired,W06,265474
Sheldon Whitehouse (D),N00027533,2018,Leadership PACs,Q03,261360
Sheldon Whitehouse (D),N00027533,2018,Securities & Investment,F07,200878
Sheldon Whitehouse (D),N00027533,2018,Real Estate,F10,160034
Sheldon Whitehouse (D),N00027533,2018,Democratic/Liberal,Q02,142828
Sheldon Whitehouse (D),N00027533,2018,TV/Movies/Music,B02,136644
Sheldon Whitehouse (D),N00027533,2018,Lobbyists,K02,118150
Sheldon Whitehouse (D),N00027533,2018,Pharmaceuticals/Health Products,H04,117296
Jack Reed (D),N00000362,2018,Lawyers/Law Firms,K01,475609
Jack Reed (D),N00000362,2018,Securities & Investment,F07,293500
Jack Reed (D),N00000362,2018,Leadership PACs,Q03,257500
Jack Reed (D),N00000362,2018,Lobbyists,K02,234331
Jack Reed (D),N00000362,2018,Insurance,F09,183150
Jack Reed (D),N00000362,2018,Real Estate,F10,176441
Jack Reed (D),N00000362,2018,Defense Electronics,D02,148725
Jack Reed (D),N00000362,2018,Retired,W06,139550
Jack Reed (D),N00000362,2018,Health Professionals,H01,137877
Jack Reed (D),N00000362,2018,Defense Aerospace,D01,99502
Pat Toomey (R),N00001489,2018,Retired,W06,2773006
Pat Toomey (R),N00001489,2018,Securities & Investment,F07,2073164
Pat Toomey (R),N00001489,2018,Republican/Conservative,Q01,1404189
Pat Toomey (R),N00001489,2018,Lawyers/Law Firms,K01,1137718
Pat Toomey (R),N00001489,2018,Real Estate,F10,916617
Pat Toomey (R),N00001489,2018,Insurance,F09,913930
Pat Toomey (R),N00001489,2018,Commercial Banks,F03,728902
Pat Toomey (R),N00001489,2018,Leadership PACs,Q03,715200
Pat Toomey (R),N00001489,2018,Misc Finance,F13,548147
Pat Toomey (R),N00001489,2018,Oil & Gas,E01,529322
Bob Casey (D),N00027503,2018,Lawyers/Law Firms,K01,1984205
Bob Casey (D),N00027503,2018,Retired,W06,506010
Bob Casey (D),N00027503,2018,Securities & Investment,F07,484192
Bob Casey (D),N00027503,2018,Pharmaceuticals/Health Products,H04,470570
Bob Casey (D),N00027503,2018,Real Estate,F10,438313
Bob Casey (D),N00027503,2018,Democratic/Liberal,Q02,411160
Bob Casey (D),N00027503,2018,Leadership PACs,Q03,384000
Bob Casey (D),N00027503,2018,Education,W04,347026
Bob Casey (D),N00027503,2018,Insurance,F09,328139
Bob Casey (D),N00027503,2018,Health Professionals,H01,301299
Jeff Merkley (D),N00029303,2018,Retired,W06,588315
Jeff Merkley (D),N00029303,2018,Lawyers/Law Firms,K01,404318
Jeff Merkley (D),N00029303,2018,Leadership PACs,Q03,369101
Jeff Merkley (D),N00029303,2018,Education,W04,197055
Jeff Merkley (D),N00029303,2018,Health Professionals,H01,185159
Jeff Merkley (D),N00029303,2018,Securities & Investment,F07,178661
Jeff Merkley (D),N00029303,2018,Real Estate,F10,172412
Jeff Merkley (D),N00029303,2018,Environment,Q11,142129
Jeff Merkley (D),N00029303,2018,Electronics Mfg & Equip,B12,102769
Jeff Merkley (D),N00029303,2018,Public Sector Unions,P04,95155
Ron Wyden (D),N00007724,2018,Securities & Investment,F07,938909
Ron Wyden (D),N00007724,2018,Lawyers/Law Firms,K01,831336
Ron Wyden (D),N00007724,2018,Insurance,F09,651911
Ron Wyden (D),N00007724,2018,Real Estate,F10,574985
Ron Wyden (D),N00007724,2018,Hospitals/Nursing Homes,H02,499187
Ron Wyden (D),N00007724,2018,Health Professionals,H01,486660
Ron Wyden (D),N00007724,2018,Pharmaceuticals/Health Products,H04,451633
Ron Wyden (D),N00007724,2018,Lobbyists,K02,376397
Ron Wyden (D),N00007724,2018,Health Services/HMOs,H03,362635
Ron Wyden (D),N00007724,2018,Retired,W06,343633
James Lankford (R),N00031129,2018,Oil & Gas,E01,839635
James Lankford (R),N00031129,2018,Retired,W06,574659
James Lankford (R),N00031129,2018,Leadership PACs,Q03,357953
James Lankford (R),N00031129,2018,Health Professionals,H01,297408
James Lankford (R),N00031129,2018,Commercial Banks,F03,237377
James Lankford (R),N00031129,2018,Real Estate,F10,208703
James Lankford (R),N00031129,2018,Insurance,F09,197504
James Lankford (R),N00031129,2018,Lawyers/Law Firms,K01,159975
James Lankford (R),N00031129,2018,General Contractors,C01,146155
James Lankford (R),N00031129,2018,Electric Utilities,E08,129140
James M Inhofe (R),N00005582,2018,Oil & Gas,E01,348200
James M Inhofe (R),N00005582,2018,Retired,W06,202955
James M Inhofe (R),N00005582,2018,Leadership PACs,Q03,194440
James M Inhofe (R),N00005582,2018,Electric Utilities,E08,110500
James M Inhofe (R),N00005582,2018,Lawyers/Law Firms,K01,104761
James M Inhofe (R),N00005582,2018,Lobbyists,K02,104655
James M Inhofe (R),N00005582,2018,Defense Aerospace,D01,93850
James M Inhofe (R),N00005582,2018,Mining,E04,93775
James M Inhofe (R),N00005582,2018,Real Estate,F10,90310
James M Inhofe (R),N00005582,2018,Building Materials & Equipment,C05,87650
Rob Portman (R),N00003682,2018,Retired,W06,2540353
Rob Portman (R),N00003682,2018,Securities & Investment,F07,2539580
Rob Portman (R),N00003682,2018,Lawyers/Law Firms,K01,1242964
Rob Portman (R),N00003682,2018,Real Estate,F10,1159531
Rob Portman (R),N00003682,2018,Insurance,F09,1022213
Rob Portman (R),N00003682,2018,Misc Manufacturing & Distributing,N15,859204
Rob Portman (R),N00003682,2018,Leadership PACs,Q03,698236
Rob Portman (R),N00003682,2018,Misc Finance,F13,627692
Rob Portman (R),N00003682,2018,Lobbyists,K02,590963
Rob Portman (R),N00003682,2018,Oil & Gas,E01,587242
Sherrod Brown (D),N00003535,2018,Lawyers/Law Firms,K01,1870608
Sherrod Brown (D),N00003535,2018,Democratic/Liberal,Q02,1160326
Sherrod Brown (D),N00003535,2018,Retired,W06,1057710
Sherrod Brown (D),N00003535,2018,Education,W04,690324
Sherrod Brown (D),N00003535,2018,Real Estate,F10,632763
Sherrod Brown (D),N00003535,2018,Health Professionals,H01,592523
Sherrod Brown (D),N00003535,2018,Insurance,F09,536980
Sherrod Brown (D),N00003535,2018,Securities & Investment,F07,524437
Sherrod Brown (D),N00003535,2018,Business Services,N05,396691
Sherrod Brown (D),N00003535,2018,Leadership PACs,Q03,378900
John Hoeven (R),N00031688,2018,Oil & Gas,E01,337825
John Hoeven (R),N00031688,2018,Leadership PACs,Q03,317164
John Hoeven (R),N00031688,2018,Electric Utilities,E08,122955
John Hoeven (R),N00031688,2018,Mining,E04,116448
John Hoeven (R),N00031688,2018,Real Estate,F10,104343
John Hoeven (R),N00031688,2018,Crop Production & Basic Processing,A01,100425
John Hoeven (R),N00031688,2018,Securities & Investment,F07,99733
John Hoeven (R),N00031688,2018,Agricultural Services/Products,A07,94000
John Hoeven (R),N00031688,2018,Insurance,F09,90840
John Hoeven (R),N00031688,2018,Misc Manufacturing & Distributing,N15,84413
Heidi Heitkamp (D),N00033782,2018,Lawyers/Law Firms,K01,914490
Heidi Heitkamp (D),N00033782,2018,Securities & Investment,F07,586001
Heidi Heitkamp (D),N00033782,2018,Oil & Gas,E01,453633
Heidi Heitkamp (D),N00033782,2018,Leadership PACs,Q03,394700
Heidi Heitkamp (D),N00033782,2018,Insurance,F09,358935
Heidi Heitkamp (D),N00033782,2018,Lobbyists,K02,350682
Heidi Heitkamp (D),N00033782,2018,Commercial Banks,F03,263563
Heidi Heitkamp (D),N00033782,2018,Real Estate,F10,235514
Heidi Heitkamp (D),N00033782,2018,Women's Issues,Q08,205671
Heidi Heitkamp (D),N00033782,2018,Democratic/Liberal,Q02,194360
Thom Tillis (R),N00035492,2018,Retired,W06,1306664
Thom Tillis (R),N00035492,2018,Securities & Investment,F07,663200
Thom Tillis (R),N00035492,2018,Real Estate,F10,640909
Thom Tillis (R),N00035492,2018,Lawyers/Law Firms,K01,466267
Thom Tillis (R),N00035492,2018,Health Professionals,H01,392598
Thom Tillis (R),N00035492,2018,Leadership PACs,Q03,376775
Thom Tillis (R),N00035492,2018,Oil & Gas,E01,267400
Thom Tillis (R),N00035492,2018,Business Services,N05,235649
Thom Tillis (R),N00035492,2018,Commercial Banks,F03,225975
Thom Tillis (R),N00035492,2018,Insurance,F09,224723
Richard Burr (R),N00002221,2018,Retired,W06,1030971
Richard Burr (R),N00002221,2018,Securities & Investment,F07,777599
Richard Burr (R),N00002221,2018,Lawyers/Law Firms,K01,568653
Richard Burr (R),N00002221,2018,Insurance,F09,527477
Richard Burr (R),N00002221,2018,Leadership PACs,Q03,514160
Richard Burr (R),N00002221,2018,Pharmaceuticals/Health Products,H04,504039
Richard Burr (R),N00002221,2018,Real Estate,F10,490629
Richard Burr (R),N00002221,2018,Health Professionals,H01,442794
Richard Burr (R),N00002221,2018,Lobbyists,K02,351906
Richard Burr (R),N00002221,2018,Oil & Gas,E01,291407
Kirsten Gillibrand (D),N00027658,2018,Lawyers/Law Firms,K01,1660117
Kirsten Gillibrand (D),N00027658,2018,Securities & Investment,F07,803828
Kirsten Gillibrand (D),N00027658,2018,Democratic/Liberal,Q02,780967
Kirsten Gillibrand (D),N00027658,2018,Retired,W06,676934
Kirsten Gillibrand (D),N00027658,2018,Women's Issues,Q08,670711
Kirsten Gillibrand (D),N00027658,2018,Real Estate,F10,470174
Kirsten Gillibrand (D),N00027658,2018,TV/Movies/Music,B02,368415
Kirsten Gillibrand (D),N00027658,2018,Business Services,N05,364547
Kirsten Gillibrand (D),N00027658,2018,Printing & Publishing,B01,324329
Kirsten Gillibrand (D),N00027658,2018,Education,W04,304055
Charles E Schumer (D),N00001093,2018,Securities & Investment,F07,3194382
Charles E Schumer (D),N00001093,2018,Lawyers/Law Firms,K01,2068207
Charles E Schumer (D),N00001093,2018,Real Estate,F10,1794217
Charles E Schumer (D),N00001093,2018,Insurance,F09,709439
Charles E Schumer (D),N00001093,2018,Retired,W06,620722
Charles E Schumer (D),N00001093,2018,Lobbyists,K02,580577
Charles E Schumer (D),N00001093,2018,Misc Finance,F13,562295
Charles E Schumer (D),N00001093,2018,TV/Movies/Music,B02,547214
Charles E Schumer (D),N00001093,2018,Electronics Mfg & Equip,B12,519624
Charles E Schumer (D),N00001093,2018,Hospitals/Nursing Homes,H02,503068
Tom Udall (D),N00006561,2018,Lawyers/Law Firms,K01,653683
Tom Udall (D),N00006561,2018,Retired,W06,512796
Tom Udall (D),N00006561,2018,Leadership PACs,Q03,265600
Tom Udall (D),N00006561,2018,Securities & Investment,F07,233780
Tom Udall (D),N00006561,2018,Real Estate,F10,207172
Tom Udall (D),N00006561,2018,Health Professionals,H01,194663
Tom Udall (D),N00006561,2018,Education,W04,190986
Tom Udall (D),N00006561,2018,Casinos/Gambling,N07,181518
Tom Udall (D),N00006561,2018,TV/Movies/Music,B02,180090
Tom Udall (D),N00006561,2018,Lobbyists,K02,177226
Martin Heinrich (D),N00029835,2018,Lawyers/Law Firms,K01,595855
Martin Heinrich (D),N00029835,2018,Lobbyists,K02,301937
Martin Heinrich (D),N00029835,2018,Leadership PACs,Q03,264043
Martin Heinrich (D),N00029835,2018,Democratic/Liberal,Q02,247775
Martin Heinrich (D),N00029835,2018,Retired,W06,238677
Martin Heinrich (D),N00029835,2018,Securities & Investment,F07,196219
Martin Heinrich (D),N00029835,2018,Environment,Q11,190689
Martin Heinrich (D),N00029835,2018,Health Professionals,H01,190553
Martin Heinrich (D),N00029835,2018,Pharmaceuticals/Health Products,H04,153250
Martin Heinrich (D),N00029835,2018,Casinos/Gambling,N07,129895
Robert Menendez (D),N00000699,2018,Lawyers/Law Firms,K01,619027
Robert Menendez (D),N00000699,2018,Real Estate,F10,503452
Robert Menendez (D),N00000699,2018,Securities & Investment,F07,272310
Robert Menendez (D),N00000699,2018,Retired,W06,266840
Robert Menendez (D),N00000699,2018,Pro-Israel,Q05,255588
Robert Menendez (D),N00000699,2018,Lobbyists,K02,221354
Robert Menendez (D),N00000699,2018,Leadership PACs,Q03,168700
Robert Menendez (D),N00000699,2018,Insurance,F09,146465
Robert Menendez (D),N00000699,2018,Health Professionals,H01,136819
Robert Menendez (D),N00000699,2018,Pharmaceuticals/Health Products,H04,132945
Cory Booker (D),N00035267,2018,Lawyers/Law Firms,K01,2708145
Cory Booker (D),N00035267,2018,Securities & Investment,F07,2462465
Cory Booker (D),N00035267,2018,Real Estate,F10,1278056
Cory Booker (D),N00035267,2018,TV/Movies/Music,B02,848551
Cory Booker (D),N00035267,2018,Misc Finance,F13,544851
Cory Booker (D),N00035267,2018,Business Services,N05,532827
Cory Booker (D),N00035267,2018,Retired,W06,464470
Cory Booker (D),N00035267,2018,Insurance,F09,434695
Cory Booker (D),N00035267,2018,Pro-Israel,Q05,434126
Cory Booker (D),N00035267,2018,Pharmaceuticals/Health Products,H04,406826
Maggie Hassan (D),N00038397,2018,Women's Issues,Q08,1745904
Maggie Hassan (D),N00038397,2018,Retired,W06,1674411
Maggie Hassan (D),N00038397,2018,Democratic/Liberal,Q02,1559960
Maggie Hassan (D),N00038397,2018,Lawyers/Law Firms,K01,1453329
Maggie Hassan (D),N00038397,2018,Education,W04,729194
Maggie Hassan (D),N00038397,2018,Real Estate,F10,427648
Maggie Hassan (D),N00038397,2018,Securities & Investment,F07,421263
Maggie Hassan (D),N00038397,2018,Leadership PACs,Q03,387650
Maggie Hassan (D),N00038397,2018,Business Services,N05,311098
Maggie Hassan (D),N00038397,2018,Pro-Israel,Q05,295978
Jeanne Shaheen (D),N00024790,2018,Women's Issues,Q08,781813
Jeanne Shaheen (D),N00024790,2018,Lawyers/Law Firms,K01,722357
Jeanne Shaheen (D),N00024790,2018,Retired,W06,623916
Jeanne Shaheen (D),N00024790,2018,Leadership PACs,Q03,444600
Jeanne Shaheen (D),N00024790,2018,Real Estate,F10,321791
Jeanne Shaheen (D),N00024790,2018,Securities & Investment,F07,319249
Jeanne Shaheen (D),N00024790,2018,Lobbyists,K02,258685
Jeanne Shaheen (D),N00024790,2018,TV/Movies/Music,B02,226975
Jeanne Shaheen (D),N00024790,2018,Environment,Q11,218018
Jeanne Shaheen (D),N00024790,2018,Pro-Israel,Q05,206089
Dean Heller (R),N00027522,2018,Securities & Investment,F07,490167
Dean Heller (R),N00027522,2018,Leadership PACs,Q03,476750
Dean Heller (R),N00027522,2018,Casinos/Gambling,N07,390750
Dean Heller (R),N00027522,2018,Insurance,F09,383341
Dean Heller (R),N00027522,2018,Real Estate,F10,342028
Dean Heller (R),N00027522,2018,Lobbyists,K02,282900
Dean Heller (R),N00027522,2018,Retired,W06,243760
Dean Heller (R),N00027522,2018,Health Professionals,H01,220213
Dean Heller (R),N00027522,2018,Lawyers/Law Firms,K01,218602
Dean Heller (R),N00027522,2018,Commercial Banks,F03,178900
Catherine Cortez Masto (D),N00037161,2018,Women's Issues,Q08,1668680
Catherine Cortez Masto (D),N00037161,2018,Democratic/Liberal,Q02,1456723
Catherine Cortez Masto (D),N00037161,2018,Lawyers/Law Firms,K01,1430661
Catherine Cortez Masto (D),N00037161,2018,Retired,W06,763174
Catherine Cortez Masto (D),N00037161,2018,Education,W04,615939
Catherine Cortez Masto (D),N00037161,2018,Human Rights,Q09,596008
Catherine Cortez Masto (D),N00037161,2018,Environment,Q11,512460
Catherine Cortez Masto (D),N00037161,2018,Securities & Investment,F07,503131
Catherine Cortez Masto (D),N00037161,2018,Leadership PACs,Q03,409076
Catherine Cortez Masto (D),N00037161,2018,Real Estate,F10,375394
Ben Sasse (R),N00035544,2018,Republican/Conservative,Q01,703702
Ben Sasse (R),N00035544,2018,Securities & Investment,F07,575510
Ben Sasse (R),N00035544,2018,Retired,W06,409147
Ben Sasse (R),N00035544,2018,Insurance,F09,259560
Ben Sasse (R),N00035544,2018,Lawyers/Law Firms,K01,208150
Ben Sasse (R),N00035544,2018,Real Estate,F10,205713
Ben Sasse (R),N00035544,2018,Leadership PACs,Q03,201382
Ben Sasse (R),N00035544,2018,Oil & Gas,E01,185085
Ben Sasse (R),N00035544,2018,Health Professionals,H01,168488
Ben Sasse (R),N00035544,2018,Business Services,N05,164000
Deb Fischer (R),N00033443,2018,Leadership PACs,Q03,385232
Deb Fischer (R),N00033443,2018,Lawyers/Law Firms,K01,172000
Deb Fischer (R),N00033443,2018,Telecom Services,B09,160750
Deb Fischer (R),N00033443,2018,Insurance,F09,159024
Deb Fischer (R),N00033443,2018,Railroads,M04,140449
Deb Fischer (R),N00033443,2018,Lobbyists,K02,128961
Deb Fischer (R),N00033443,2018,Crop Production & Basic Processing,A01,128274
Deb Fischer (R),N00033443,2018,Retired,W06,120615
Deb Fischer (R),N00033443,2018,Agricultural Services/Products,A07,115475
Deb Fischer (R),N00033443,2018,Securities & Investment,F07,92911
Jon Tester (D),N00027605,2018,Lawyers/Law Firms,K01,874184
Jon Tester (D),N00027605,2018,Securities & Investment,F07,819822
Jon Tester (D),N00027605,2018,Retired,W06,477157
Jon Tester (D),N00027605,2018,Leadership PACs,Q03,450010
Jon Tester (D),N00027605,2018,Insurance,F09,382409
Jon Tester (D),N00027605,2018,Lobbyists,K02,323499
Jon Tester (D),N00027605,2018,Real Estate,F10,309478
Jon Tester (D),N00027605,2018,Democratic/Liberal,Q02,307801
Jon Tester (D),N00027605,2018,Commercial Banks,F03,297847
Jon Tester (D),N00027605,2018,Business Services,N05,192227
Steven Daines (R),N00033054,2018,Retired,W06,637054
Steven Daines (R),N00033054,2018,Securities & Investment,F07,548850
Steven Daines (R),N00033054,2018,Oil & Gas,E01,434490
Steven Daines (R),N00033054,2018,Leadership PACs,Q03,331286
Steven Daines (R),N00033054,2018,Real Estate,F10,273000
Steven Daines (R),N00033054,2018,General Contractors,C01,191100
Steven Daines (R),N00033054,2018,Republican/Conservative,Q01,184526
Steven Daines (R),N00033054,2018,Commercial Banks,F03,182700
Steven Daines (R),N00033054,2018,Mining,E04,159700
Steven Daines (R),N00033054,2018,Livestock,A06,153675
Roy Blunt (R),N00005195,2018,Securities & Investment,F07,808707
Roy Blunt (R),N00005195,2018,Retired,W06,801173
Roy Blunt (R),N00005195,2018,Real Estate,F10,707932
Roy Blunt (R),N00005195,2018,Leadership PACs,Q03,631765
Roy Blunt (R),N00005195,2018,Lawyers/Law Firms,K01,610521
Roy Blunt (R),N00005195,2018,Lobbyists,K02,514470
Roy Blunt (R),N00005195,2018,Health Professionals,H01,438975
Roy Blunt (R),N00005195,2018,Insurance,F09,408607
Roy Blunt (R),N00005195,2018,Pharmaceuticals/Health Products,H04,391884
Roy Blunt (R),N00005195,2018,Misc Manufacturing & Distributing,N15,365325
Claire McCaskill (D),N00027694,2018,Lawyers/Law Firms,K01,2407323
Claire McCaskill (D),N00027694,2018,Women's Issues,Q08,1263710
Claire McCaskill (D),N00027694,2018,Democratic/Liberal,Q02,1061961
Claire McCaskill (D),N00027694,2018,Retired,W06,938545
Claire McCaskill (D),N00027694,2018,Securities & Investment,F07,921931
Claire McCaskill (D),N00027694,2018,Education,W04,625122
Claire McCaskill (D),N00027694,2018,Real Estate,F10,442455
Claire McCaskill (D),N00027694,2018,Health Professionals,H01,350629
Claire McCaskill (D),N00027694,2018,Leadership PACs,Q03,328000
Claire McCaskill (D),N00027694,2018,Health Services/HMOs,H03,316446
Roger Wicker (R),N00003280,2018,Leadership PACs,Q03,363000
Roger Wicker (R),N00003280,2018,Lawyers/Law Firms,K01,214350
Roger Wicker (R),N00003280,2018,Oil & Gas,E01,177750
Roger Wicker (R),N00003280,2018,Real Estate,F10,160690
Roger Wicker (R),N00003280,2018,Lobbyists,K02,156100
Roger Wicker (R),N00003280,2018,Securities & Investment,F07,152574
Roger Wicker (R),N00003280,2018,Telecom Services,B09,145450
Roger Wicker (R),N00003280,2018,Railroads,M04,128138
Roger Wicker (R),N00003280,2018,Misc Finance,F13,120050
Roger Wicker (R),N00003280,2018,Health Professionals,H01,118550
Thad Cochran (R),N00003328,2018,Crop Production & Basic Processing,A01,534225
Thad Cochran (R),N00003328,2018,Leadership PACs,Q03,495800
Thad Cochran (R),N00003328,2018,Lawyers/Law Firms,K01,355100
Thad Cochran (R),N00003328,2018,Oil & Gas,E01,268299
Thad Cochran (R),N00003328,2018,Lobbyists,K02,245676
Thad Cochran (R),N00003328,2018,Agricultural Services/Products,A07,242300
Thad Cochran (R),N00003328,2018,Defense Aerospace,D01,239500
Thad Cochran (R),N00003328,2018,Retired,W06,196704
Thad Cochran (R),N00003328,2018,Health Professionals,H01,166659
Thad Cochran (R),N00003328,2018,Real Estate,F10,161079
Tina Smith (D),N00042353,2018,Retired,W06,43350
Tina Smith (D),N00042353,2018,Education,W04,36100
Tina Smith (D),N00042353,2018,Insurance,F09,32200
Tina Smith (D),N00042353,2018,Lawyers/Law Firms,K01,28000
Tina Smith (D),N00042353,2018,Leadership PACs,Q03,27500
Tina Smith (D),N00042353,2018,Women's Issues,Q08,15000
Tina Smith (D),N00042353,2018,Non-Profit Institutions,W02,6400
Tina Smith (D),N00042353,2018,Industrial Unions,P02,5000
Tina Smith (D),N00042353,2018,Business Services,N05,4000
Tina Smith (D),N00042353,2018,Civil Servants/Public Officials,W03,2000
Amy Klobuchar (D),N00027500,2018,Lawyers/Law Firms,K01,764707
Amy Klobuchar (D),N00027500,2018,Retired,W06,568039
Amy Klobuchar (D),N00027500,2018,Securities & Investment,F07,289299
Amy Klobuchar (D),N00027500,2018,Leadership PACs,Q03,263200
Amy Klobuchar (D),N00027500,2018,Women's Issues,Q08,257323
Amy Klobuchar (D),N00027500,2018,TV/Movies/Music,B02,228843
Amy Klobuchar (D),N00027500,2018,Lobbyists,K02,166575
Amy Klobuchar (D),N00027500,2018,Democratic/Liberal,Q02,148428
Amy Klobuchar (D),N00027500,2018,Pharmaceuticals/Health Products,H04,145828
Amy Klobuchar (D),N00027500,2018,Education,W04,137323
Debbie Stabenow (D),N00004118,2018,Retired,W06,696356
Debbie Stabenow (D),N00004118,2018,Lawyers/Law Firms,K01,665421
Debbie Stabenow (D),N00004118,2018,Securities & Investment,F07,522839
Debbie Stabenow (D),N00004118,2018,Women's Issues,Q08,398232
Debbie Stabenow (D),N00004118,2018,Leadership PACs,Q03,375900
Debbie Stabenow (D),N00004118,2018,Real Estate,F10,338025
Debbie Stabenow (D),N00004118,2018,Health Professionals,H01,326545
Debbie Stabenow (D),N00004118,2018,Insurance,F09,272898
Debbie Stabenow (D),N00004118,2018,Hospitals/Nursing Homes,H02,261244
Debbie Stabenow (D),N00004118,2018,Democratic/Liberal,Q02,234931
Gary Peters (D),N00029277,2018,Lawyers/Law Firms,K01,1224629
Gary Peters (D),N00029277,2018,Securities & Investment,F07,678929
Gary Peters (D),N00029277,2018,Retired,W06,595204
Gary Peters (D),N00029277,2018,Leadership PACs,Q03,550550
Gary Peters (D),N00029277,2018,Real Estate,F10,511731
Gary Peters (D),N00029277,2018,Environment,Q11,458857
Gary Peters (D),N00029277,2018,Insurance,F09,439700
Gary Peters (D),N00029277,2018,Health Professionals,H01,370690
Gary Peters (D),N00029277,2018,Education,W04,334594
Gary Peters (D),N00029277,2018,Lobbyists,K02,293756
Elizabeth Warren (D),N00033492,2018,Retired,W06,2136218
Elizabeth Warren (D),N00033492,2018,Democratic/Liberal,Q02,1944229
Elizabeth Warren (D),N00033492,2018,Women's Issues,Q08,720090
Elizabeth Warren (D),N00033492,2018,Lawyers/Law Firms,K01,693171
Elizabeth Warren (D),N00033492,2018,Education,W04,597772
Elizabeth Warren (D),N00033492,2018,TV/Movies/Music,B02,288383
Elizabeth Warren (D),N00033492,2018,Health Professionals,H01,249907
Elizabeth Warren (D),N00033492,2018,Real Estate,F10,236889
Elizabeth Warren (D),N00033492,2018,Printing & Publishing,B01,230270
Elizabeth Warren (D),N00033492,2018,Business Services,N05,203186
Ed Markey (D),N00000270,2018,Lawyers/Law Firms,K01,1547445
Ed Markey (D),N00000270,2018,Securities & Investment,F07,837258
Ed Markey (D),N00000270,2018,Real Estate,F10,657967
Ed Markey (D),N00000270,2018,Lobbyists,K02,445411
Ed Markey (D),N00000270,2018,Retired,W06,424149
Ed Markey (D),N00000270,2018,Telecom Services,B09,406275
Ed Markey (D),N00000270,2018,Environment,Q11,373513
Ed Markey (D),N00000270,2018,TV/Movies/Music,B02,371458
Ed Markey (D),N00000270,2018,Leadership PACs,Q03,339300
Ed Markey (D),N00000270,2018,Business Services,N05,298764
Ben Cardin (D),N00001955,2018,Insurance,F09,256010
Ben Cardin (D),N00001955,2018,Lawyers/Law Firms,K01,192135
Ben Cardin (D),N00001955,2018,Securities & Investment,F07,191050
Ben Cardin (D),N00001955,2018,Health Professionals,H01,191039
Ben Cardin (D),N00001955,2018,Pro-Israel,Q05,181200
Ben Cardin (D),N00001955,2018,Real Estate,F10,156932
Ben Cardin (D),N00001955,2018,Retired,W06,146697
Ben Cardin (D),N00001955,2018,Misc Finance,F13,119900
Ben Cardin (D),N00001955,2018,Leadership PACs,Q03,118000
Ben Cardin (D),N00001955,2018,Health Services/HMOs,H03,82985
Chris Van Hollen (D),N00013820,2018,Lawyers/Law Firms,K01,4379955
Chris Van Hollen (D),N00013820,2018,Retired,W06,3501957
Chris Van Hollen (D),N00013820,2018,Real Estate,F10,1564653
Chris Van Hollen (D),N00013820,2018,Education,W04,936849
Chris Van Hollen (D),N00013820,2018,Lobbyists,K02,888822
Chris Van Hollen (D),N00013820,2018,Securities & Investment,F07,858523
Chris Van Hollen (D),N00013820,2018,Health Professionals,H01,812287
Chris Van Hollen (D),N00013820,2018,Civil Servants/Public Officials,W03,765489
Chris Van Hollen (D),N00013820,2018,Business Services,N05,750958
Chris Van Hollen (D),N00013820,2018,Misc Issues,Q10,669881
Susan Collins (R),N00000491,2018,Retired,W06,426900
Susan Collins (R),N00000491,2018,Securities & Investment,F07,376600
Susan Collins (R),N00000491,2018,Lawyers/Law Firms,K01,358956
Susan Collins (R),N00000491,2018,Leadership PACs,Q03,320000
Susan Collins (R),N00000491,2018,Health Professionals,H01,284150
Susan Collins (R),N00000491,2018,Insurance,F09,256400
Susan Collins (R),N00000491,2018,Lobbyists,K02,245049
Susan Collins (R),N00000491,2018,Real Estate,F10,173625
Susan Collins (R),N00000491,2018,Pro-Israel,Q05,114810
Susan Collins (R),N00000491,2018,Misc Manufacturing & Distributing,N15,111250
Angus King (I),N00034580,2018,Retired,W06,377681
Angus King (I),N00034580,2018,Lawyers/Law Firms,K01,178546
Angus King (I),N00034580,2018,Leadership PACs,Q03,136000
Angus King (I),N00034580,2018,Securities & Investment,F07,128763
Angus King (I),N00034580,2018,Real Estate,F10,124597
Angus King (I),N00034580,2018,Insurance,F09,79700
Angus King (I),N00034580,2018,Health Professionals,H01,69432
Angus King (I),N00034580,2018,Business Services,N05,55394
Angus King (I),N00034580,2018,Electronics Mfg & Equip,B12,51513
Angus King (I),N00034580,2018,Telecom Services,B09,48000
John Kennedy (R),N00026823,2018,Retired,W06,699910
John Kennedy (R),N00026823,2018,Lawyers/Law Firms,K01,679350
John Kennedy (R),N00026823,2018,Real Estate,F10,464990
John Kennedy (R),N00026823,2018,Oil & Gas,E01,410300
John Kennedy (R),N00026823,2018,General Contractors,C01,394950
John Kennedy (R),N00026823,2018,Health Professionals,H01,338500
John Kennedy (R),N00026823,2018,Sea Transport,M05,195900
John Kennedy (R),N00026823,2018,Insurance,F09,195562
John Kennedy (R),N00026823,2018,Leadership PACs,Q03,191500
John Kennedy (R),N00026823,2018,Automotive,M02,175900
Bill Cassidy (R),N00030245,2018,Health Professionals,H01,1462535
Bill Cassidy (R),N00030245,2018,Retired,W06,1181394
Bill Cassidy (R),N00030245,2018,Securities & Investment,F07,1051826
Bill Cassidy (R),N00030245,2018,Oil & Gas,E01,883070
Bill Cassidy (R),N00030245,2018,Leadership PACs,Q03,608794
Bill Cassidy (R),N00030245,2018,Real Estate,F10,473945
Bill Cassidy (R),N00030245,2018,Lawyers/Law Firms,K01,345435
Bill Cassidy (R),N00030245,2018,Pharmaceuticals/Health Products,H04,326356
Bill Cassidy (R),N00030245,2018,General Contractors,C01,303300
Bill Cassidy (R),N00030245,2018,Republican/Conservative,Q01,302540
Rand Paul (R),N00030836,2018,Retired,W06,788760
Rand Paul (R),N00030836,2018,Health Professionals,H01,570158
Rand Paul (R),N00030836,2018,Republican/Conservative,Q01,422476
Rand Paul (R),N00030836,2018,Securities & Investment,F07,386833
Rand Paul (R),N00030836,2018,Real Estate,F10,246373
Rand Paul (R),N00030836,2018,Leadership PACs,Q03,219500
Rand Paul (R),N00030836,2018,Lawyers/Law Firms,K01,195863
Rand Paul (R),N00030836,2018,Misc Finance,F13,176617
Rand Paul (R),N00030836,2018,Insurance,F09,139136
Rand Paul (R),N00030836,2018,Mining,E04,139100
Mitch McConnell (R),N00003389,2018,Securities & Investment,F07,1845051
Mitch McConnell (R),N00003389,2018,Retired,W06,1225663
Mitch McConnell (R),N00003389,2018,Lawyers/Law Firms,K01,879286
Mitch McConnell (R),N00003389,2018,Insurance,F09,861975
Mitch McConnell (R),N00003389,2018,Health Professionals,H01,799365
Mitch McConnell (R),N00003389,2018,Real Estate,F10,786965
Mitch McConnell (R),N00003389,2018,Oil & Gas,E01,762184
Mitch McConnell (R),N00003389,2018,Lobbyists,K02,588285
Mitch McConnell (R),N00003389,2018,Pharmaceuticals/Health Products,H04,470273
Mitch McConnell (R),N00003389,2018,Misc Finance,F13,469055
Jerry Moran (R),N00005282,2018,Leadership PACs,Q03,357200
Jerry Moran (R),N00005282,2018,Crop Production & Basic Processing,A01,235240
Jerry Moran (R),N00005282,2018,Securities & Investment,F07,233875
Jerry Moran (R),N00005282,2018,Oil & Gas,E01,184852
Jerry Moran (R),N00005282,2018,Agricultural Services/Products,A07,182150
Jerry Moran (R),N00005282,2018,Commercial Banks,F03,178299
Jerry Moran (R),N00005282,2018,Lawyers/Law Firms,K01,177478
Jerry Moran (R),N00005282,2018,Railroads,M04,173755
Jerry Moran (R),N00005282,2018,Retired,W06,168945
Jerry Moran (R),N00005282,2018,Health Professionals,H01,168187
Pat Roberts (R),N00005285,2018,Leadership PACs,Q03,489076
Pat Roberts (R),N00005285,2018,Oil & Gas,E01,372400
Pat Roberts (R),N00005285,2018,Securities & Investment,F07,358925
Pat Roberts (R),N00005285,2018,Health Professionals,H01,272718
Pat Roberts (R),N00005285,2018,Insurance,F09,266200
Pat Roberts (R),N00005285,2018,Agricultural Services/Products,A07,261947
Pat Roberts (R),N00005285,2018,Lawyers/Law Firms,K01,249947
Pat Roberts (R),N00005285,2018,Retired,W06,245761
Pat Roberts (R),N00005285,2018,Pharmaceuticals/Health Products,H04,238149
Pat Roberts (R),N00005285,2018,Lobbyists,K02,233400
Joni Ernst (R),N00035483,2018,Leadership PACs,Q03,363036
Joni Ernst (R),N00035483,2018,Retired,W06,349280
Joni Ernst (R),N00035483,2018,Securities & Investment,F07,299770
Joni Ernst (R),N00035483,2018,Republican/Conservative,Q01,179703
Joni Ernst (R),N00035483,2018,Oil & Gas,E01,171100
Joni Ernst (R),N00035483,2018,Real Estate,F10,143517
Joni Ernst (R),N00035483,2018,Insurance,F09,120235
Joni Ernst (R),N00035483,2018,Misc Manufacturing & Distributing,N15,92999
Joni Ernst (R),N00035483,2018,Commercial Banks,F03,89650
Joni Ernst (R),N00035483,2018,Lawyers/Law Firms,K01,86845
Chuck Grassley (R),N00001758,2018,Retired,W06,881337
Chuck Grassley (R),N00001758,2018,Securities & Investment,F07,555957
Chuck Grassley (R),N00001758,2018,Lawyers/Law Firms,K01,462541
Chuck Grassley (R),N00001758,2018,Leadership PACs,Q03,450799
Chuck Grassley (R),N00001758,2018,Health Professionals,H01,346485
Chuck Grassley (R),N00001758,2018,Lobbyists,K02,299763
Chuck Grassley (R),N00001758,2018,Insurance,F09,298975
Chuck Grassley (R),N00001758,2018,Real Estate,F10,288486
Chuck Grassley (R),N00001758,2018,Agricultural Services/Products,A07,255569
Chuck Grassley (R),N00001758,2018,Crop Production & Basic Processing,A01,224802
Todd Young (R),N00030670,2018,Retired,W06,2049648
Todd Young (R),N00030670,2018,Securities & Investment,F07,1097595
Todd Young (R),N00030670,2018,Real Estate,F10,853154
Todd Young (R),N00030670,2018,Leadership PACs,Q03,565430
Todd Young (R),N00030670,2018,Lobbyists,K02,445519
Todd Young (R),N00030670,2018,Lawyers/Law Firms,K01,444591
Todd Young (R),N00030670,2018,Health Professionals,H01,431073
Todd Young (R),N00030670,2018,Misc Finance,F13,366922
Todd Young (R),N00030670,2018,Pharmaceuticals/Health Products,H04,366200
Todd Young (R),N00030670,2018,Oil & Gas,E01,360696
Joe Donnelly (D),N00026586,2018,Lawyers/Law Firms,K01,803947
Joe Donnelly (D),N00026586,2018,Securities & Investment,F07,474998
Joe Donnelly (D),N00026586,2018,Leadership PACs,Q03,444700
Joe Donnelly (D),N00026586,2018,Insurance,F09,296074
Joe Donnelly (D),N00026586,2018,Misc Issues,Q10,291578
Joe Donnelly (D),N00026586,2018,Real Estate,F10,273103
Joe Donnelly (D),N00026586,2018,Pharmaceuticals/Health Products,H04,263096
Joe Donnelly (D),N00026586,2018,Commercial Banks,F03,248390
Joe Donnelly (D),N00026586,2018,Lobbyists,K02,217154
Joe Donnelly (D),N00026586,2018,Retired,W06,202797
Dick Durbin (D),N00004981,2018,Lawyers/Law Firms,K01,1236216
Dick Durbin (D),N00004981,2018,Retired,W06,443770
Dick Durbin (D),N00004981,2018,Securities & Investment,F07,312711
Dick Durbin (D),N00004981,2018,Real Estate,F10,289751
Dick Durbin (D),N00004981,2018,Defense Aerospace,D01,284482
Dick Durbin (D),N00004981,2018,Health Professionals,H01,223698
Dick Durbin (D),N00004981,2018,Pro-Israel,Q05,189808
Dick Durbin (D),N00004981,2018,Insurance,F09,176548
Dick Durbin (D),N00004981,2018,Lobbyists,K02,172637
Dick Durbin (D),N00004981,2018,Leadership PACs,Q03,153600
Tammy Duckworth (D),N00027860,2018,Retired,W06,1328068
Tammy Duckworth (D),N00027860,2018,Women's Issues,Q08,1316376
Tammy Duckworth (D),N00027860,2018,Lawyers/Law Firms,K01,1252547
Tammy Duckworth (D),N00027860,2018,Democratic/Liberal,Q02,727634
Tammy Duckworth (D),N00027860,2018,Securities & Investment,F07,479765
Tammy Duckworth (D),N00027860,2018,Leadership PACs,Q03,396000
Tammy Duckworth (D),N00027860,2018,Education,W04,333280
Tammy Duckworth (D),N00027860,2018,Pro-Israel,Q05,325984
Tammy Duckworth (D),N00027860,2018,Real Estate,F10,325790
Tammy Duckworth (D),N00027860,2018,Environment,Q11,259764
James E Risch (R),N00029441,2018,Leadership PACs,Q03,197373
James E Risch (R),N00029441,2018,Oil & Gas,E01,126300
James E Risch (R),N00029441,2018,Commercial Banks,F03,94500
James E Risch (R),N00029441,2018,Retired,W06,79991
James E Risch (R),N00029441,2018,Pro-Israel,Q05,79060
James E Risch (R),N00029441,2018,Electric Utilities,E08,60000
James E Risch (R),N00029441,2018,Insurance,F09,59750
James E Risch (R),N00029441,2018,Real Estate,F10,56511
James E Risch (R),N00029441,2018,Securities & Investment,F07,52800
James E Risch (R),N00029441,2018,Lawyers/Law Firms,K01,46000
Mike Crapo (R),N00006267,2018,Securities & Investment,F07,904050
Mike Crapo (R),N00006267,2018,Insurance,F09,520750
Mike Crapo (R),N00006267,2018,Leadership PACs,Q03,434600
Mike Crapo (R),N00006267,2018,Commercial Banks,F03,404550
Mike Crapo (R),N00006267,2018,Real Estate,F10,300010
Mike Crapo (R),N00006267,2018,Lobbyists,K02,229452
Mike Crapo (R),N00006267,2018,Finance/Credit Companies,F06,219300
Mike Crapo (R),N00006267,2018,Health Services/HMOs,H03,211500
Mike Crapo (R),N00006267,2018,Misc Finance,F13,204952
Mike Crapo (R),N00006267,2018,Lawyers/Law Firms,K01,192504
Mazie K Hirono (D),N00028139,2018,Lawyers/Law Firms,K01,453525
Mazie K Hirono (D),N00028139,2018,Leadership PACs,Q03,210000
Mazie K Hirono (D),N00028139,2018,Lobbyists,K02,108209
Mazie K Hirono (D),N00028139,2018,Sea Transport,M05,94152
Mazie K Hirono (D),N00028139,2018,Real Estate,F10,86769
Mazie K Hirono (D),N00028139,2018,Human Rights,Q09,76689
Mazie K Hirono (D),N00028139,2018,Retired,W06,66245
Mazie K Hirono (D),N00028139,2018,Securities & Investment,F07,57150
Mazie K Hirono (D),N00028139,2018,Women's Issues,Q08,56418
Mazie K Hirono (D),N00028139,2018,Democratic/Liberal,Q02,55417
Brian Schatz (D),N00028138,2018,Lawyers/Law Firms,K01,1074872
Brian Schatz (D),N00028138,2018,Real Estate,F10,583391
Brian Schatz (D),N00028138,2018,Leadership PACs,Q03,478200
Brian Schatz (D),N00028138,2018,Securities & Investment,F07,329616
Brian Schatz (D),N00028138,2018,Environment,Q11,291467
Brian Schatz (D),N00028138,2018,Lobbyists,K02,279020
Brian Schatz (D),N00028138,2018,Sea Transport,M05,267100
Brian Schatz (D),N00028138,2018,Telecom Services,B09,222450
Brian Schatz (D),N00028138,2018,Retired,W06,217454
Brian Schatz (D),N00028138,2018,Misc Finance,F13,209165
Johnny Isakson (R),N00002593,2018,Real Estate,F10,747886
Johnny Isakson (R),N00002593,2018,Retired,W06,505174
Johnny Isakson (R),N00002593,2018,Lawyers/Law Firms,K01,499980
Johnny Isakson (R),N00002593,2018,Insurance,F09,494050
Johnny Isakson (R),N00002593,2018,Leadership PACs,Q03,401300
Johnny Isakson (R),N00002593,2018,Health Professionals,H01,324075
Johnny Isakson (R),N00002593,2018,Securities & Investment,F07,312400
Johnny Isakson (R),N00002593,2018,Pharmaceuticals/Health Products,H04,301600
Johnny Isakson (R),N00002593,2018,Retail Sales,N03,273250
Johnny Isakson (R),N00002593,2018,Lobbyists,K02,225043
David Perdue (R),N00035516,2018,Retired,W06,1794578
David Perdue (R),N00035516,2018,Securities & Investment,F07,777967
David Perdue (R),N00035516,2018,Real Estate,F10,513162
David Perdue (R),N00035516,2018,Lawyers/Law Firms,K01,356092
David Perdue (R),N00035516,2018,Leadership PACs,Q03,319100
David Perdue (R),N00035516,2018,Insurance,F09,293245
David Perdue (R),N00035516,2018,Health Professionals,H01,231340
David Perdue (R),N00035516,2018,Food & Beverage,N01,223800
David Perdue (R),N00035516,2018,Misc Finance,F13,222750
David Perdue (R),N00035516,2018,Republican/Conservative,Q01,204128
Marco Rubio (R),N00030612,2018,Retired,W06,4224795
Marco Rubio (R),N00030612,2018,Securities & Investment,F07,1706089
Marco Rubio (R),N00030612,2018,Real Estate,F10,1314432
Marco Rubio (R),N00030612,2018,Republican/Conservative,Q01,1239756
Marco Rubio (R),N00030612,2018,Lawyers/Law Firms,K01,853939
Marco Rubio (R),N00030612,2018,Misc Finance,F13,553684
Marco Rubio (R),N00030612,2018,Oil & Gas,E01,495927
Marco Rubio (R),N00030612,2018,Business Services,N05,410091
Marco Rubio (R),N00030612,2018,Leadership PACs,Q03,408300
Marco Rubio (R),N00030612,2018,Health Professionals,H01,387791
Bill Nelson (D),N00009926,2018,Lawyers/Law Firms,K01,1499968
Bill Nelson (D),N00009926,2018,Retired,W06,882317
Bill Nelson (D),N00009926,2018,Democratic/Liberal,Q02,413231
Bill Nelson (D),N00009926,2018,Securities & Investment,F07,386502
Bill Nelson (D),N00009926,2018,Real Estate,F10,382670
Bill Nelson (D),N00009926,2018,Lobbyists,K02,364745
Bill Nelson (D),N00009926,2018,Leadership PACs,Q03,350150
Bill Nelson (D),N00009926,2018,TV/Movies/Music,B02,233288
Bill Nelson (D),N00009926,2018,Telecom Services,B09,209881
Bill Nelson (D),N00009926,2018,Business Services,N05,193407
Chris Coons (D),N00031820,2018,Lawyers/Law Firms,K01,1029394
Chris Coons (D),N00031820,2018,Securities & Investment,F07,373599
Chris Coons (D),N00031820,2018,Leadership PACs,Q03,300000
Chris Coons (D),N00031820,2018,Lobbyists,K02,173043
Chris Coons (D),N00031820,2018,Pharmaceuticals/Health Products,H04,171300
Chris Coons (D),N00031820,2018,Commercial Banks,F03,151500
Chris Coons (D),N00031820,2018,Real Estate,F10,149998
Chris Coons (D),N00031820,2018,TV/Movies/Music,B02,147893
Chris Coons (D),N00031820,2018,Pro-Israel,Q05,133300
Chris Coons (D),N00031820,2018,Insurance,F09,115302
Tom Carper (D),N00012508,2018,Insurance,F09,250560
Tom Carper (D),N00012508,2018,Securities & Investment,F07,177810
Tom Carper (D),N00012508,2018,Leadership PACs,Q03,139500
Tom Carper (D),N00012508,2018,Pharmaceuticals/Health Products,H04,135510
Tom Carper (D),N00012508,2018,Lawyers/Law Firms,K01,100489
Tom Carper (D),N00012508,2018,Chemical & Related Manufacturing,N13,90308
Tom Carper (D),N00012508,2018,Health Professionals,H01,77880
Tom Carper (D),N00012508,2018,Retired,W06,74888
Tom Carper (D),N00012508,2018,Commercial Banks,F03,68239
Tom Carper (D),N00012508,2018,Electric Utilities,E08,60730
Richard Blumenthal (D),N00031685,2018,Lawyers/Law Firms,K01,1231218
Richard Blumenthal (D),N00031685,2018,Securities & Investment,F07,855511
Richard Blumenthal (D),N00031685,2018,Real Estate,F10,447803
Richard Blumenthal (D),N00031685,2018,Retired,W06,381408
Richard Blumenthal (D),N00031685,2018,Leadership PACs,Q03,336500
Richard Blumenthal (D),N00031685,2018,Lobbyists,K02,275702
Richard Blumenthal (D),N00031685,2018,Health Professionals,H01,253665
Richard Blumenthal (D),N00031685,2018,Telecom Services,B09,245220
Richard Blumenthal (D),N00031685,2018,TV/Movies/Music,B02,200804
Richard Blumenthal (D),N00031685,2018,Misc Finance,F13,173330
Christopher S Murphy (D),N00027566,2018,Retired,W06,936003
Christopher S Murphy (D),N00027566,2018,Lawyers/Law Firms,K01,921897
Christopher S Murphy (D),N00027566,2018,Democratic/Liberal,Q02,728678
Christopher S Murphy (D),N00027566,2018,Securities & Investment,F07,531740
Christopher S Murphy (D),N00027566,2018,Education,W04,299108
Christopher S Murphy (D),N00027566,2018,Real Estate,F10,291586
Christopher S Murphy (D),N00027566,2018,Health Professionals,H01,266662
Christopher S Murphy (D),N00027566,2018,Insurance,F09,233567
Christopher S Murphy (D),N00027566,2018,Printing & Publishing,B01,218498
Christopher S Murphy (D),N00027566,2018,Business Services,N05,209060
Cory Gardner (R),N00030780,2018,Retired,W06,1498721
Cory Gardner (R),N00030780,2018,Securities & Investment,F07,884045
Cory Gardner (R),N00030780,2018,Oil & Gas,E01,757599
Cory Gardner (R),N00030780,2018,Real Estate,F10,557206
Cory Gardner (R),N00030780,2018,Leadership PACs,Q03,406194
Cory Gardner (R),N00030780,2018,Republican/Conservative,Q01,373655
Cory Gardner (R),N00030780,2018,Misc Finance,F13,308211
Cory Gardner (R),N00030780,2018,Lobbyists,K02,264452
Cory Gardner (R),N00030780,2018,Lawyers/Law Firms,K01,264086
Cory Gardner (R),N00030780,2018,Commercial Banks,F03,259756
Michael F Bennet (D),N00030608,2018,Securities & Investment,F07,1915157
Michael F Bennet (D),N00030608,2018,Lawyers/Law Firms,K01,1886256
Michael F Bennet (D),N00030608,2018,Retired,W06,955939
Michael F Bennet (D),N00030608,2018,Real Estate,F10,913741
Michael F Bennet (D),N00030608,2018,Democratic/Liberal,Q02,734806
Michael F Bennet (D),N00030608,2018,Education,W04,524900
Michael F Bennet (D),N00030608,2018,Environment,Q11,507161
Michael F Bennet (D),N00030608,2018,Lobbyists,K02,476811
Michael F Bennet (D),N00030608,2018,Health Professionals,H01,473283
Michael F Bennet (D),N00030608,2018,TV/Movies/Music,B02,462336
Kamala D Harris (D),N00036915,2018,Lawyers/Law Firms,K01,2258912
Kamala D Harris (D),N00036915,2018,TV/Movies/Music,B02,1023263
Kamala D Harris (D),N00036915,2018,Retired,W06,908446
Kamala D Harris (D),N00036915,2018,Women's Issues,Q08,855541
Kamala D Harris (D),N00036915,2018,Securities & Investment,F07,747765
Kamala D Harris (D),N00036915,2018,Real Estate,F10,521828
Kamala D Harris (D),N00036915,2018,Democratic/Liberal,Q02,428284
Kamala D Harris (D),N00036915,2018,Business Services,N05,409557
Kamala D Harris (D),N00036915,2018,Education,W04,311949
Kamala D Harris (D),N00036915,2018,Electronics Mfg & Equip,B12,305240
Dianne Feinstein (D),N00007364,2018,Lawyers/Law Firms,K01,334562
Dianne Feinstein (D),N00007364,2018,Women's Issues,Q08,147144
Dianne Feinstein (D),N00007364,2018,Leadership PACs,Q03,142000
Dianne Feinstein (D),N00007364,2018,Securities & Investment,F07,138700
Dianne Feinstein (D),N00007364,2018,Lobbyists,K02,138114
Dianne Feinstein (D),N00007364,2018,Retired,W06,137127
Dianne Feinstein (D),N00007364,2018,TV/Movies/Music,B02,135538
Dianne Feinstein (D),N00007364,2018,Electric Utilities,E08,133475
Dianne Feinstein (D),N00007364,2018,Real Estate,F10,126322
Dianne Feinstein (D),N00007364,2018,Misc Finance,F13,83565
John Boozman (R),N00013873,2018,Health Professionals,H01,318515
John Boozman (R),N00013873,2018,Leadership PACs,Q03,311034
John Boozman (R),N00013873,2018,Retired,W06,283174
John Boozman (R),N00013873,2018,Securities & Investment,F07,269750
John Boozman (R),N00013873,2018,Commercial Banks,F03,197000
John Boozman (R),N00013873,2018,Real Estate,F10,182841
John Boozman (R),N00013873,2018,Oil & Gas,E01,150250
John Boozman (R),N00013873,2018,Crop Production & Basic Processing,A01,134437
John Boozman (R),N00013873,2018,Insurance,F09,124200
John Boozman (R),N00013873,2018,Retail Sales,N03,124040
Tom Cotton (R),N00033363,2018,Securities & Investment,F07,1567790
Tom Cotton (R),N00033363,2018,Retired,W06,1335040
Tom Cotton (R),N00033363,2018,Republican/Conservative,Q01,945260
Tom Cotton (R),N00033363,2018,Real Estate,F10,548840
Tom Cotton (R),N00033363,2018,Lawyers/Law Firms,K01,487486
Tom Cotton (R),N00033363,2018,Oil & Gas,E01,464655
Tom Cotton (R),N00033363,2018,Leadership PACs,Q03,458871
Tom Cotton (R),N00033363,2018,Health Professionals,H01,426396
Tom Cotton (R),N00033363,2018,Commercial Banks,F03,383339
Tom Cotton (R),N00033363,2018,Misc Finance,F13,350806
Jeff Flake (R),N00009573,2018,Securities & Investment,F07,329300
Jeff Flake (R),N00009573,2018,Retired,W06,316493
Jeff Flake (R),N00009573,2018,Lawyers/Law Firms,K01,286330
Jeff Flake (R),N00009573,2018,Real Estate,F10,262957
Jeff Flake (R),N00009573,2018,Leadership PACs,Q03,231319
Jeff Flake (R),N00009573,2018,Lobbyists,K02,159451
Jeff Flake (R),N00009573,2018,Electric Utilities,E08,116850
Jeff Flake (R),N00009573,2018,Misc Finance,F13,106350
Jeff Flake (R),N00009573,2018,Insurance,F09,103400
Jeff Flake (R),N00009573,2018,Oil & Gas,E01,92400
John McCain (R),N00006424,2018,Retired,W06,1150564
John McCain (R),N00006424,2018,Securities & Investment,F07,940450
John McCain (R),N00006424,2018,Real Estate,F10,697204
John McCain (R),N00006424,2018,Lawyers/Law Firms,K01,533095
John McCain (R),N00006424,2018,Leadership PACs,Q03,455500
John McCain (R),N00006424,2018,Business Services,N05,289398
John McCain (R),N00006424,2018,Pro-Israel,Q05,263334
John McCain (R),N00006424,2018,Misc Finance,F13,241385
John McCain (R),N00006424,2018,Lobbyists,K02,239106
John McCain (R),N00006424,2018,Insurance,F09,224645
Dan Sullivan (R),N00035774,2018,Securities & Investment,F07,1117337
Dan Sullivan (R),N00035774,2018,Retired,W06,735685
Dan Sullivan (R),N00035774,2018,Republican/Conservative,Q01,599623
Dan Sullivan (R),N00035774,2018,Real Estate,F10,475293
Dan Sullivan (R),N00035774,2018,Oil & Gas,E01,433735
Dan Sullivan (R),N00035774,2018,Leadership PACs,Q03,305100
Dan Sullivan (R),N00035774,2018,Lawyers/Law Firms,K01,293086
Dan Sullivan (R),N00035774,2018,Misc Finance,F13,246984
Dan Sullivan (R),N00035774,2018,Misc Manufacturing & Distributing,N15,170000
Dan Sullivan (R),N00035774,2018,Business Services,N05,142210
Lisa Murkowski (R),N00026050,2018,Oil & Gas,E01,770346
Lisa Murkowski (R),N00026050,2018,Electric Utilities,E08,558112
Lisa Murkowski (R),N00026050,2018,Leadership PACs,Q03,428493
Lisa Murkowski (R),N00026050,2018,Securities & Investment,F07,320853
Lisa Murkowski (R),N00026050,2018,Lawyers/Law Firms,K01,299732
Lisa Murkowski (R),N00026050,2018,Lobbyists,K02,178760
Lisa Murkowski (R),N00026050,2018,Real Estate,F10,174700
Lisa Murkowski (R),N00026050,2018,Retired,W06,172485
Lisa Murkowski (R),N00026050,2018,Misc Energy,E07,163250
Lisa Murkowski (R),N00026050,2018,Food & Beverage,N01,154300
Richard C Shelby (R),N00009920,2018,Securities & Investment,F07,485550
Richard C Shelby (R),N00009920,2018,Commercial Banks,F03,458771
Richard C Shelby (R),N00009920,2018,Insurance,F09,311300
Richard C Shelby (R),N00009920,2018,Lawyers/Law Firms,K01,219150
Richard C Shelby (R),N00009920,2018,Real Estate,F10,179650
Richard C Shelby (R),N00009920,2018,Finance/Credit Companies,F06,170200
Richard C Shelby (R),N00009920,2018,Leadership PACs,Q03,161000
Richard C Shelby (R),N00009920,2018,Defense Aerospace,D01,116700
Richard C Shelby (R),N00009920,2018,Lobbyists,K02,108263
Richard C Shelby (R),N00009920,2018,Misc Finance,F13,104025
Mitch McConnell (R),N00003389,2018,Securities & Investment,F07,1845051
Mitch McConnell (R),N00003389,2018,Retired,W06,1225663
Mitch McConnell (R),N00003389,2018,Lawyers/Law Firms,K01,879286
Mitch McConnell (R),N00003389,2018,Insurance,F09,861975
Mitch McConnell (R),N00003389,2018,Health Professionals,H01,799365
Mitch McConnell (R),N00003389,2018,Real Estate,F10,786965
Mitch McConnell (R),N00003389,2018,Oil & Gas,E01,762184
Mitch McConnell (R),N00003389,2018,Lobbyists,K02,588285
Mitch McConnell (R),N00003389,2018,Pharmaceuticals/Health Products,H04,470273
Mitch McConnell (R),N00003389,2018,Misc Finance,F13,469055
Mitch McConnell (R),N00003389,2018,Securities & Investment,F07,1845051
Mitch McConnell (R),N00003389,2018,Retired,W06,1225663
Mitch McConnell (R),N00003389,2018,Lawyers/Law Firms,K01,879286
Mitch McConnell (R),N00003389,2018,Insurance,F09,861975
Mitch McConnell (R),N00003389,2018,Health Professionals,H01,799365
Mitch McConnell (R),N00003389,2018,Real Estate,F10,786965
Mitch McConnell (R),N00003389,2018,Oil & Gas,E01,762184
Mitch McConnell (R),N00003389,2018,Lobbyists,K02,588285
Mitch McConnell (R),N00003389,2018,Pharmaceuticals/Health Products,H04,470273
Mitch McConnell (R),N00003389,2018,Misc Finance,F13,469055
