SenJohnBarrasso,John,Barrasso,John A Barrasso (R),N00006236,2018,Oil & Gas,E01,390400
SenJohnBarrasso,John,Barrasso,John A Barrasso (R),N00006236,2018,Securities & Investment,F07,384062
SenJohnBarrasso,John,Barrasso,John A Barrasso (R),N00006236,2018,Health Professionals,H01,329275
SenJohnBarrasso,John,Barrasso,John A Barrasso (R),N00006236,2018,Leadership PACs,Q03,261450
SenJohnBarrasso,John,Barrasso,John A Barrasso (R),N00006236,2018,Pharmaceuticals/Health Products,H04,235300
SenJohnBarrasso,John,Barrasso,John A Barrasso (R),N00006236,2018,Lobbyists,K02,224668
SenJohnBarrasso,John,Barrasso,John A Barrasso (R),N00006236,2018,Electric Utilities,E08,199450
SenJohnBarrasso,John,Barrasso,John A Barrasso (R),N00006236,2018,Retired,W06,187071
SenJohnBarrasso,John,Barrasso,John A Barrasso (R),N00006236,2018,Lawyers/Law Firms,K01,154500
SenJohnBarrasso,John,Barrasso,John A Barrasso (R),N00006236,2018,Insurance,F09,140700
SenatorEnzi,Mike,Enzi,Mike Enzi (R),N00006249,2018,Leadership PACs,Q03,300572
SenatorEnzi,Mike,Enzi,Mike Enzi (R),N00006249,2018,Oil & Gas,E01,203583
SenatorEnzi,Mike,Enzi,Mike Enzi (R),N00006249,2018,Health Professionals,H01,191200
SenatorEnzi,Mike,Enzi,Mike Enzi (R),N00006249,2018,Pharmaceuticals/Health Products,H04,188200
SenatorEnzi,Mike,Enzi,Mike Enzi (R),N00006249,2018,Insurance,F09,165750
SenatorEnzi,Mike,Enzi,Mike Enzi (R),N00006249,2018,Securities & Investment,F07,157944
SenatorEnzi,Mike,Enzi,Mike Enzi (R),N00006249,2018,Retail Sales,N03,103850
SenatorEnzi,Mike,Enzi,Mike Enzi (R),N00006249,2018,Real Estate,F10,92550
SenatorEnzi,Mike,Enzi,Mike Enzi (R),N00006249,2018,Lobbyists,K02,88252
SenatorEnzi,Mike,Enzi,Mike Enzi (R),N00006249,2018,Mining,E04,77550
SenRonJohnson,Ron,Johnson,Ron Johnson (R),N00032546,2018,Retired,W06,5643923
SenRonJohnson,Ron,Johnson,Ron Johnson (R),N00032546,2018,Securities & Investment,F07,1261771
SenRonJohnson,Ron,Johnson,Ron Johnson (R),N00032546,2018,Republican/Conservative,Q01,1241106
SenRonJohnson,Ron,Johnson,Ron Johnson (R),N00032546,2018,Real Estate,F10,922665
SenRonJohnson,Ron,Johnson,Ron Johnson (R),N00032546,2018,Lawyers/Law Firms,K01,565219
SenRonJohnson,Ron,Johnson,Ron Johnson (R),N00032546,2018,Leadership PACs,Q03,521654
SenRonJohnson,Ron,Johnson,Ron Johnson (R),N00032546,2018,Misc Manufacturing & Distributing,N15,505443
SenRonJohnson,Ron,Johnson,Ron Johnson (R),N00032546,2018,Misc Finance,F13,456413
SenRonJohnson,Ron,Johnson,Ron Johnson (R),N00032546,2018,Oil & Gas,E01,440559
SenRonJohnson,Ron,Johnson,Ron Johnson (R),N00032546,2018,Health Professionals,H01,434764
SenatorBaldwin,Tammy,Baldwin,Tammy Baldwin (D),N00004367,2018,Retired,W06,1852830
SenatorBaldwin,Tammy,Baldwin,Tammy Baldwin (D),N00004367,2018,Women's Issues,Q08,930812
SenatorBaldwin,Tammy,Baldwin,Tammy Baldwin (D),N00004367,2018,Democratic/Liberal,Q02,802860
SenatorBaldwin,Tammy,Baldwin,Tammy Baldwin (D),N00004367,2018,Lawyers/Law Firms,K01,732548
SenatorBaldwin,Tammy,Baldwin,Tammy Baldwin (D),N00004367,2018,Education,W04,389254
SenatorBaldwin,Tammy,Baldwin,Tammy Baldwin (D),N00004367,2018,Leadership PACs,Q03,322700
SenatorBaldwin,Tammy,Baldwin,Tammy Baldwin (D),N00004367,2018,Health Professionals,H01,289372
SenatorBaldwin,Tammy,Baldwin,Tammy Baldwin (D),N00004367,2018,Real Estate,F10,289093
SenatorBaldwin,Tammy,Baldwin,Tammy Baldwin (D),N00004367,2018,Business Services,N05,247263
SenatorBaldwin,Tammy,Baldwin,Tammy Baldwin (D),N00004367,2018,Human Rights,Q09,222407
SenCapito,Shelley Moore,Capito,Shelley Moore Capito (R),N00009771,2018,Securities & Investment,F07,459815
SenCapito,Shelley Moore,Capito,Shelley Moore Capito (R),N00009771,2018,Retired,W06,412996
SenCapito,Shelley Moore,Capito,Shelley Moore Capito (R),N00009771,2018,Lawyers/Law Firms,K01,351913
SenCapito,Shelley Moore,Capito,Shelley Moore Capito (R),N00009771,2018,Leadership PACs,Q03,331100
SenCapito,Shelley Moore,Capito,Shelley Moore Capito (R),N00009771,2018,Mining,E04,304749
SenCapito,Shelley Moore,Capito,Shelley Moore Capito (R),N00009771,2018,Insurance,F09,277438
SenCapito,Shelley Moore,Capito,Shelley Moore Capito (R),N00009771,2018,Commercial Banks,F03,274175
SenCapito,Shelley Moore,Capito,Shelley Moore Capito (R),N00009771,2018,Oil & Gas,E01,271366
SenCapito,Shelley Moore,Capito,Shelley Moore Capito (R),N00009771,2018,Health Professionals,H01,236066
SenCapito,Shelley Moore,Capito,Shelley Moore Capito (R),N00009771,2018,Real Estate,F10,189678
SenatorCantwell,Maria,Cantwell,Maria Cantwell (D),N00007836,2018,Retired,W06,484647
SenatorCantwell,Maria,Cantwell,Maria Cantwell (D),N00007836,2018,Lawyers/Law Firms,K01,474190
SenatorCantwell,Maria,Cantwell,Maria Cantwell (D),N00007836,2018,Real Estate,F10,329703
SenatorCantwell,Maria,Cantwell,Maria Cantwell (D),N00007836,2018,Lobbyists,K02,266409
SenatorCantwell,Maria,Cantwell,Maria Cantwell (D),N00007836,2018,Women's Issues,Q08,219913
SenatorCantwell,Maria,Cantwell,Maria Cantwell (D),N00007836,2018,Securities & Investment,F07,196080
SenatorCantwell,Maria,Cantwell,Maria Cantwell (D),N00007836,2018,Casinos/Gambling,N07,137315
SenatorCantwell,Maria,Cantwell,Maria Cantwell (D),N00007836,2018,Environment,Q11,112543
SenatorCantwell,Maria,Cantwell,Maria Cantwell (D),N00007836,2018,Electronics Mfg & Equip,B12,103491
SenatorCantwell,Maria,Cantwell,Maria Cantwell (D),N00007836,2018,Business Services,N05,98779
PattyMurray,Patty,Murray,Patty Murray (D),N00007876,2018,Lawyers/Law Firms,K01,745038
PattyMurray,Patty,Murray,Patty Murray (D),N00007876,2018,Retired,W06,646188
PattyMurray,Patty,Murray,Patty Murray (D),N00007876,2018,Pharmaceuticals/Health Products,H04,529893
PattyMurray,Patty,Murray,Patty Murray (D),N00007876,2018,Lobbyists,K02,424217
PattyMurray,Patty,Murray,Patty Murray (D),N00007876,2018,Women's Issues,Q08,417462
PattyMurray,Patty,Murray,Patty Murray (D),N00007876,2018,Health Professionals,H01,395909
PattyMurray,Patty,Murray,Patty Murray (D),N00007876,2018,Securities & Investment,F07,351309
PattyMurray,Patty,Murray,Patty Murray (D),N00007876,2018,Leadership PACs,Q03,332405
PattyMurray,Patty,Murray,Patty Murray (D),N00007876,2018,Insurance,F09,324441
PattyMurray,Patty,Murray,Patty Murray (D),N00007876,2018,Electronics Mfg & Equip,B12,284950
MarkWarner,Mark,Warner,Mark Warner (D),N00002097,2018,Securities & Investment,F07,1450513
MarkWarner,Mark,Warner,Mark Warner (D),N00002097,2018,Lawyers/Law Firms,K01,1409149
MarkWarner,Mark,Warner,Mark Warner (D),N00002097,2018,Retired,W06,1283294
MarkWarner,Mark,Warner,Mark Warner (D),N00002097,2018,Real Estate,F10,939556
MarkWarner,Mark,Warner,Mark Warner (D),N00002097,2018,Insurance,F09,544150
MarkWarner,Mark,Warner,Mark Warner (D),N00002097,2018,Leadership PACs,Q03,389100
MarkWarner,Mark,Warner,Mark Warner (D),N00002097,2018,Lobbyists,K02,378088
MarkWarner,Mark,Warner,Mark Warner (D),N00002097,2018,Business Services,N05,373479
MarkWarner,Mark,Warner,Mark Warner (D),N00002097,2018,Misc Finance,F13,351545
MarkWarner,Mark,Warner,Mark Warner (D),N00002097,2018,Electronics Mfg & Equip,B12,327017
timkaine,Tim,Kaine,Tim Kaine (D),N00033177,2018,Lawyers/Law Firms,K01,1917279
timkaine,Tim,Kaine,Tim Kaine (D),N00033177,2018,Securities & Investment,F07,974428
timkaine,Tim,Kaine,Tim Kaine (D),N00033177,2018,Retired,W06,916858
timkaine,Tim,Kaine,Tim Kaine (D),N00033177,2018,Real Estate,F10,586556
timkaine,Tim,Kaine,Tim Kaine (D),N00033177,2018,Democratic/Liberal,Q02,547943
timkaine,Tim,Kaine,Tim Kaine (D),N00033177,2018,Business Services,N05,402673
timkaine,Tim,Kaine,Tim Kaine (D),N00033177,2018,Leadership PACs,Q03,320500
timkaine,Tim,Kaine,Tim Kaine (D),N00033177,2018,Education,W04,318356
timkaine,Tim,Kaine,Tim Kaine (D),N00033177,2018,Lobbyists,K02,305448
timkaine,Tim,Kaine,Tim Kaine (D),N00033177,2018,TV/Movies/Music,B02,300469
SenSanders,Bernie,Sanders,Bernie Sanders (I),N00000528,2018,Democratic/Liberal,Q02,589780
SenSanders,Bernie,Sanders,Bernie Sanders (I),N00000528,2018,Retired,W06,299563
SenSanders,Bernie,Sanders,Bernie Sanders (I),N00000528,2018,Education,W04,120109
SenSanders,Bernie,Sanders,Bernie Sanders (I),N00000528,2018,Health Professionals,H01,68986
SenSanders,Bernie,Sanders,Bernie Sanders (I),N00000528,2018,Lawyers/Law Firms,K01,40609
SenSanders,Bernie,Sanders,Bernie Sanders (I),N00000528,2018,Leadership PACs,Q03,35000
SenSanders,Bernie,Sanders,Bernie Sanders (I),N00000528,2018,Public Sector Unions,P04,31848
SenSanders,Bernie,Sanders,Bernie Sanders (I),N00000528,2018,Misc Business,N12,30687
SenSanders,Bernie,Sanders,Bernie Sanders (I),N00000528,2018,Real Estate,F10,26810
SenSanders,Bernie,Sanders,Bernie Sanders (I),N00000528,2018,Electronics Mfg & Equip,B12,25993
SenatorLeahy,Patrick,Leahy,Patrick Leahy (D),N00009918,2018,Lawyers/Law Firms,K01,568575
SenatorLeahy,Patrick,Leahy,Patrick Leahy (D),N00009918,2018,Leadership PACs,Q03,331600
SenatorLeahy,Patrick,Leahy,Patrick Leahy (D),N00009918,2018,TV/Movies/Music,B02,270406
SenatorLeahy,Patrick,Leahy,Patrick Leahy (D),N00009918,2018,Securities & Investment,F07,183400
SenatorLeahy,Patrick,Leahy,Patrick Leahy (D),N00009918,2018,Lobbyists,K02,174172
SenatorLeahy,Patrick,Leahy,Patrick Leahy (D),N00009918,2018,Retired,W06,158489
SenatorLeahy,Patrick,Leahy,Patrick Leahy (D),N00009918,2018,Electronics Mfg & Equip,B12,122142
SenatorLeahy,Patrick,Leahy,Patrick Leahy (D),N00009918,2018,Telecom Services,B09,121350
SenatorLeahy,Patrick,Leahy,Patrick Leahy (D),N00009918,2018,Defense Aerospace,D01,92102
SenatorLeahy,Patrick,Leahy,Patrick Leahy (D),N00009918,2018,Internet,B13,79600
SenMikeLee,Mike,Lee,Mike Lee (R),N00031696,2018,Republican/Conservative,Q01,776983
SenMikeLee,Mike,Lee,Mike Lee (R),N00031696,2018,Securities & Investment,F07,460296
SenMikeLee,Mike,Lee,Mike Lee (R),N00031696,2018,Retired,W06,358452
SenMikeLee,Mike,Lee,Mike Lee (R),N00031696,2018,Lawyers/Law Firms,K01,351791
SenMikeLee,Mike,Lee,Mike Lee (R),N00031696,2018,Real Estate,F10,298690
SenMikeLee,Mike,Lee,Mike Lee (R),N00031696,2018,Oil & Gas,E01,259220
SenMikeLee,Mike,Lee,Mike Lee (R),N00031696,2018,Pro-Israel,Q05,236300
SenMikeLee,Mike,Lee,Mike Lee (R),N00031696,2018,Misc Finance,F13,186075
SenMikeLee,Mike,Lee,Mike Lee (R),N00031696,2018,Leadership PACs,Q03,178705
SenMikeLee,Mike,Lee,Mike Lee (R),N00031696,2018,Misc Manufacturing & Distributing,N15,156700
senorrinhatch,Orrin,Hatch,Orrin G Hatch (R),N00009869,2018,Securities & Investment,F07,779262
senorrinhatch,Orrin,Hatch,Orrin G Hatch (R),N00009869,2018,Pharmaceuticals/Health Products,H04,685619
senorrinhatch,Orrin,Hatch,Orrin G Hatch (R),N00009869,2018,Lobbyists,K02,570202
senorrinhatch,Orrin,Hatch,Orrin G Hatch (R),N00009869,2018,Misc Issues,Q10,535000
senorrinhatch,Orrin,Hatch,Orrin G Hatch (R),N00009869,2018,Lawyers/Law Firms,K01,412094
senorrinhatch,Orrin,Hatch,Orrin G Hatch (R),N00009869,2018,Insurance,F09,364950
senorrinhatch,Orrin,Hatch,Orrin G Hatch (R),N00009869,2018,Health Professionals,H01,319814
senorrinhatch,Orrin,Hatch,Orrin G Hatch (R),N00009869,2018,Real Estate,F10,310900
senorrinhatch,Orrin,Hatch,Orrin G Hatch (R),N00009869,2018,Oil & Gas,E01,256300
senorrinhatch,Orrin,Hatch,Orrin G Hatch (R),N00009869,2018,Health Services/HMOs,H03,230533
SenTedCruz,Ted,Cruz,Ted Cruz (R),N00033085,2018,Retired,W06,2463012
SenTedCruz,Ted,Cruz,Ted Cruz (R),N00033085,2018,Republican/Conservative,Q01,1048865
SenTedCruz,Ted,Cruz,Ted Cruz (R),N00033085,2018,Real Estate,F10,805105
SenTedCruz,Ted,Cruz,Ted Cruz (R),N00033085,2018,Oil & Gas,E01,739979
SenTedCruz,Ted,Cruz,Ted Cruz (R),N00033085,2018,Securities & Investment,F07,711657
SenTedCruz,Ted,Cruz,Ted Cruz (R),N00033085,2018,Lawyers/Law Firms,K01,572447
SenTedCruz,Ted,Cruz,Ted Cruz (R),N00033085,2018,Misc Finance,F13,420805
SenTedCruz,Ted,Cruz,Ted Cruz (R),N00033085,2018,Health Professionals,H01,369168
SenTedCruz,Ted,Cruz,Ted Cruz (R),N00033085,2018,Misc Business,N12,307903
SenTedCruz,Ted,Cruz,Ted Cruz (R),N00033085,2018,Business Services,N05,295053
JohnCornyn,John,Cornyn,John Cornyn (R),N00024852,2018,Securities & Investment,F07,1309493
JohnCornyn,John,Cornyn,John Cornyn (R),N00024852,2018,Oil & Gas,E01,1144565
JohnCornyn,John,Cornyn,John Cornyn (R),N00024852,2018,Health Professionals,H01,801349
JohnCornyn,John,Cornyn,John Cornyn (R),N00024852,2018,Lawyers/Law Firms,K01,716903
JohnCornyn,John,Cornyn,John Cornyn (R),N00024852,2018,Real Estate,F10,672289
JohnCornyn,John,Cornyn,John Cornyn (R),N00024852,2018,Retired,W06,584854
JohnCornyn,John,Cornyn,John Cornyn (R),N00024852,2018,Insurance,F09,427003
JohnCornyn,John,Cornyn,John Cornyn (R),N00024852,2018,Commercial Banks,F03,360865
JohnCornyn,John,Cornyn,John Cornyn (R),N00024852,2018,Misc Finance,F13,355325
JohnCornyn,John,Cornyn,John Cornyn (R),N00024852,2018,Leadership PACs,Q03,332358
BobCorker,Bob,Corker,Bob Corker (R),N00027441,2018,Retired,W06,151671
BobCorker,Bob,Corker,Bob Corker (R),N00027441,2018,Lawyers/Law Firms,K01,142792
BobCorker,Bob,Corker,Bob Corker (R),N00027441,2018,Securities & Investment,F07,142661
BobCorker,Bob,Corker,Bob Corker (R),N00027441,2018,Real Estate,F10,138860
BobCorker,Bob,Corker,Bob Corker (R),N00027441,2018,Insurance,F09,78534
BobCorker,Bob,Corker,Bob Corker (R),N00027441,2018,Commercial Banks,F03,66642
BobCorker,Bob,Corker,Bob Corker (R),N00027441,2018,Leadership PACs,Q03,65000
BobCorker,Bob,Corker,Bob Corker (R),N00027441,2018,Health Professionals,H01,59663
BobCorker,Bob,Corker,Bob Corker (R),N00027441,2018,Misc Finance,F13,51781
BobCorker,Bob,Corker,Bob Corker (R),N00027441,2018,Lobbyists,K02,45275
SenAlexander,Lamar,Alexander,Lamar Alexander (R),N00009888,2018,Pharmaceuticals/Health Products,H04,329100
SenAlexander,Lamar,Alexander,Lamar Alexander (R),N00009888,2018,Leadership PACs,Q03,307215
SenAlexander,Lamar,Alexander,Lamar Alexander (R),N00009888,2018,Securities & Investment,F07,260300
SenAlexander,Lamar,Alexander,Lamar Alexander (R),N00009888,2018,Health Professionals,H01,259900
SenAlexander,Lamar,Alexander,Lamar Alexander (R),N00009888,2018,Real Estate,F10,253450
SenAlexander,Lamar,Alexander,Lamar Alexander (R),N00009888,2018,Lawyers/Law Firms,K01,236227
SenAlexander,Lamar,Alexander,Lamar Alexander (R),N00009888,2018,Retired,W06,214615
SenAlexander,Lamar,Alexander,Lamar Alexander (R),N00009888,2018,Insurance,F09,212850
SenAlexander,Lamar,Alexander,Lamar Alexander (R),N00009888,2018,Hospitals/Nursing Homes,H02,190267
SenAlexander,Lamar,Alexander,Lamar Alexander (R),N00009888,2018,Oil & Gas,E01,149286
SenJohnThune,John,Thune,John Thune (R),N00004572,2018,Retired,W06,629487
SenJohnThune,John,Thune,John Thune (R),N00004572,2018,Securities & Investment,F07,453784
SenJohnThune,John,Thune,John Thune (R),N00004572,2018,Lobbyists,K02,377262
SenJohnThune,John,Thune,John Thune (R),N00004572,2018,Insurance,F09,329922
SenJohnThune,John,Thune,John Thune (R),N00004572,2018,Real Estate,F10,303913
SenJohnThune,John,Thune,John Thune (R),N00004572,2018,Leadership PACs,Q03,287115
SenJohnThune,John,Thune,John Thune (R),N00004572,2018,Lawyers/Law Firms,K01,265886
SenJohnThune,John,Thune,John Thune (R),N00004572,2018,Air Transport,M01,225190
SenJohnThune,John,Thune,John Thune (R),N00004572,2018,Telecom Services,B09,217400
SenJohnThune,John,Thune,John Thune (R),N00004572,2018,Health Professionals,H01,201492
SenatorTimScott,Tim,Scott,Tim Scott (R),N00031782,2018,Securities & Investment,F07,1117826
SenatorTimScott,Tim,Scott,Tim Scott (R),N00031782,2018,Insurance,F09,826425
SenatorTimScott,Tim,Scott,Tim Scott (R),N00031782,2018,Real Estate,F10,577596
SenatorTimScott,Tim,Scott,Tim Scott (R),N00031782,2018,Lawyers/Law Firms,K01,486703
SenatorTimScott,Tim,Scott,Tim Scott (R),N00031782,2018,Oil & Gas,E01,481276
SenatorTimScott,Tim,Scott,Tim Scott (R),N00031782,2018,Pharmaceuticals/Health Products,H04,468400
SenatorTimScott,Tim,Scott,Tim Scott (R),N00031782,2018,Leadership PACs,Q03,461265
SenatorTimScott,Tim,Scott,Tim Scott (R),N00031782,2018,Retired,W06,437475
SenatorTimScott,Tim,Scott,Tim Scott (R),N00031782,2018,Health Professionals,H01,409500
SenatorTimScott,Tim,Scott,Tim Scott (R),N00031782,2018,Electric Utilities,E08,326554
GrahamBlog,Lindsey,Graham,Lindsey Graham (R),N00009975,2018,Lawyers/Law Firms,K01,1134362
GrahamBlog,Lindsey,Graham,Lindsey Graham (R),N00009975,2018,Securities & Investment,F07,925889
GrahamBlog,Lindsey,Graham,Lindsey Graham (R),N00009975,2018,Retired,W06,641017
GrahamBlog,Lindsey,Graham,Lindsey Graham (R),N00009975,2018,Real Estate,F10,561179
GrahamBlog,Lindsey,Graham,Lindsey Graham (R),N00009975,2018,Leadership PACs,Q03,313000
GrahamBlog,Lindsey,Graham,Lindsey Graham (R),N00009975,2018,Pro-Israel,Q05,290250
GrahamBlog,Lindsey,Graham,Lindsey Graham (R),N00009975,2018,Health Professionals,H01,241118
GrahamBlog,Lindsey,Graham,Lindsey Graham (R),N00009975,2018,Lobbyists,K02,176406
GrahamBlog,Lindsey,Graham,Lindsey Graham (R),N00009975,2018,Misc Finance,F13,165350
GrahamBlog,Lindsey,Graham,Lindsey Graham (R),N00009975,2018,Defense Aerospace,D01,164993
SenWhitehouse,Sheldon,Whitehouse,Sheldon Whitehouse (D),N00027533,2018,Lawyers/Law Firms,K01,555466
SenWhitehouse,Sheldon,Whitehouse,Sheldon Whitehouse (D),N00027533,2018,Environment,Q11,284629
SenWhitehouse,Sheldon,Whitehouse,Sheldon Whitehouse (D),N00027533,2018,Retired,W06,265474
SenWhitehouse,Sheldon,Whitehouse,Sheldon Whitehouse (D),N00027533,2018,Leadership PACs,Q03,261360
SenWhitehouse,Sheldon,Whitehouse,Sheldon Whitehouse (D),N00027533,2018,Securities & Investment,F07,200878
SenWhitehouse,Sheldon,Whitehouse,Sheldon Whitehouse (D),N00027533,2018,Real Estate,F10,160034
SenWhitehouse,Sheldon,Whitehouse,Sheldon Whitehouse (D),N00027533,2018,Democratic/Liberal,Q02,142828
SenWhitehouse,Sheldon,Whitehouse,Sheldon Whitehouse (D),N00027533,2018,TV/Movies/Music,B02,136644
SenWhitehouse,Sheldon,Whitehouse,Sheldon Whitehouse (D),N00027533,2018,Lobbyists,K02,118150
SenWhitehouse,Sheldon,Whitehouse,Sheldon Whitehouse (D),N00027533,2018,Pharmaceuticals/Health Products,H04,117296
SenJackReed,Jack,Reed,Jack Reed (D),N00000362,2018,Lawyers/Law Firms,K01,475609
SenJackReed,Jack,Reed,Jack Reed (D),N00000362,2018,Securities & Investment,F07,293500
SenJackReed,Jack,Reed,Jack Reed (D),N00000362,2018,Leadership PACs,Q03,257500
SenJackReed,Jack,Reed,Jack Reed (D),N00000362,2018,Lobbyists,K02,234331
SenJackReed,Jack,Reed,Jack Reed (D),N00000362,2018,Insurance,F09,183150
SenJackReed,Jack,Reed,Jack Reed (D),N00000362,2018,Real Estate,F10,176441
SenJackReed,Jack,Reed,Jack Reed (D),N00000362,2018,Defense Electronics,D02,148725
SenJackReed,Jack,Reed,Jack Reed (D),N00000362,2018,Retired,W06,139550
SenJackReed,Jack,Reed,Jack Reed (D),N00000362,2018,Health Professionals,H01,137877
SenJackReed,Jack,Reed,Jack Reed (D),N00000362,2018,Defense Aerospace,D01,99502
SenToomey,Pat,Toomey,Pat Toomey (R),N00001489,2018,Retired,W06,2773006
SenToomey,Pat,Toomey,Pat Toomey (R),N00001489,2018,Securities & Investment,F07,2073164
SenToomey,Pat,Toomey,Pat Toomey (R),N00001489,2018,Republican/Conservative,Q01,1404189
SenToomey,Pat,Toomey,Pat Toomey (R),N00001489,2018,Lawyers/Law Firms,K01,1137718
SenToomey,Pat,Toomey,Pat Toomey (R),N00001489,2018,Real Estate,F10,916617
SenToomey,Pat,Toomey,Pat Toomey (R),N00001489,2018,Insurance,F09,913930
SenToomey,Pat,Toomey,Pat Toomey (R),N00001489,2018,Commercial Banks,F03,728902
SenToomey,Pat,Toomey,Pat Toomey (R),N00001489,2018,Leadership PACs,Q03,715200
SenToomey,Pat,Toomey,Pat Toomey (R),N00001489,2018,Misc Finance,F13,548147
SenToomey,Pat,Toomey,Pat Toomey (R),N00001489,2018,Oil & Gas,E01,529322
SenBobCasey,Bob,Casey,Bob Casey (D),N00027503,2018,Lawyers/Law Firms,K01,1984205
SenBobCasey,Bob,Casey,Bob Casey (D),N00027503,2018,Retired,W06,506010
SenBobCasey,Bob,Casey,Bob Casey (D),N00027503,2018,Securities & Investment,F07,484192
SenBobCasey,Bob,Casey,Bob Casey (D),N00027503,2018,Pharmaceuticals/Health Products,H04,470570
SenBobCasey,Bob,Casey,Bob Casey (D),N00027503,2018,Real Estate,F10,438313
SenBobCasey,Bob,Casey,Bob Casey (D),N00027503,2018,Democratic/Liberal,Q02,411160
SenBobCasey,Bob,Casey,Bob Casey (D),N00027503,2018,Leadership PACs,Q03,384000
SenBobCasey,Bob,Casey,Bob Casey (D),N00027503,2018,Education,W04,347026
SenBobCasey,Bob,Casey,Bob Casey (D),N00027503,2018,Insurance,F09,328139
SenBobCasey,Bob,Casey,Bob Casey (D),N00027503,2018,Health Professionals,H01,301299
SenJeffMerkley,Jeff,Merkley,Jeff Merkley (D),N00029303,2018,Retired,W06,588315
SenJeffMerkley,Jeff,Merkley,Jeff Merkley (D),N00029303,2018,Lawyers/Law Firms,K01,404318
SenJeffMerkley,Jeff,Merkley,Jeff Merkley (D),N00029303,2018,Leadership PACs,Q03,369101
SenJeffMerkley,Jeff,Merkley,Jeff Merkley (D),N00029303,2018,Education,W04,197055
SenJeffMerkley,Jeff,Merkley,Jeff Merkley (D),N00029303,2018,Health Professionals,H01,185159
SenJeffMerkley,Jeff,Merkley,Jeff Merkley (D),N00029303,2018,Securities & Investment,F07,178661
SenJeffMerkley,Jeff,Merkley,Jeff Merkley (D),N00029303,2018,Real Estate,F10,172412
SenJeffMerkley,Jeff,Merkley,Jeff Merkley (D),N00029303,2018,Environment,Q11,142129
SenJeffMerkley,Jeff,Merkley,Jeff Merkley (D),N00029303,2018,Electronics Mfg & Equip,B12,102769
SenJeffMerkley,Jeff,Merkley,Jeff Merkley (D),N00029303,2018,Public Sector Unions,P04,95155
RonWyden,Ron,Wyden,Ron Wyden (D),N00007724,2018,Securities & Investment,F07,938909
RonWyden,Ron,Wyden,Ron Wyden (D),N00007724,2018,Lawyers/Law Firms,K01,831336
RonWyden,Ron,Wyden,Ron Wyden (D),N00007724,2018,Insurance,F09,651911
RonWyden,Ron,Wyden,Ron Wyden (D),N00007724,2018,Real Estate,F10,574985
RonWyden,Ron,Wyden,Ron Wyden (D),N00007724,2018,Hospitals/Nursing Homes,H02,499187
RonWyden,Ron,Wyden,Ron Wyden (D),N00007724,2018,Health Professionals,H01,486660
RonWyden,Ron,Wyden,Ron Wyden (D),N00007724,2018,Pharmaceuticals/Health Products,H04,451633
RonWyden,Ron,Wyden,Ron Wyden (D),N00007724,2018,Lobbyists,K02,376397
RonWyden,Ron,Wyden,Ron Wyden (D),N00007724,2018,Health Services/HMOs,H03,362635
RonWyden,Ron,Wyden,Ron Wyden (D),N00007724,2018,Retired,W06,343633
SenatorLankford,James,Lankford,James Lankford (R),N00031129,2018,Oil & Gas,E01,839635
SenatorLankford,James,Lankford,James Lankford (R),N00031129,2018,Retired,W06,574659
SenatorLankford,James,Lankford,James Lankford (R),N00031129,2018,Leadership PACs,Q03,357953
SenatorLankford,James,Lankford,James Lankford (R),N00031129,2018,Health Professionals,H01,297408
SenatorLankford,James,Lankford,James Lankford (R),N00031129,2018,Commercial Banks,F03,237377
SenatorLankford,James,Lankford,James Lankford (R),N00031129,2018,Real Estate,F10,208703
SenatorLankford,James,Lankford,James Lankford (R),N00031129,2018,Insurance,F09,197504
SenatorLankford,James,Lankford,James Lankford (R),N00031129,2018,Lawyers/Law Firms,K01,159975
SenatorLankford,James,Lankford,James Lankford (R),N00031129,2018,General Contractors,C01,146155
SenatorLankford,James,Lankford,James Lankford (R),N00031129,2018,Electric Utilities,E08,129140
JimInhofe,Jim,Inhofe,James M Inhofe (R),N00005582,2018,Oil & Gas,E01,348200
JimInhofe,Jim,Inhofe,James M Inhofe (R),N00005582,2018,Retired,W06,202955
JimInhofe,Jim,Inhofe,James M Inhofe (R),N00005582,2018,Leadership PACs,Q03,194440
JimInhofe,Jim,Inhofe,James M Inhofe (R),N00005582,2018,Electric Utilities,E08,110500
JimInhofe,Jim,Inhofe,James M Inhofe (R),N00005582,2018,Lawyers/Law Firms,K01,104761
JimInhofe,Jim,Inhofe,James M Inhofe (R),N00005582,2018,Lobbyists,K02,104655
JimInhofe,Jim,Inhofe,James M Inhofe (R),N00005582,2018,Defense Aerospace,D01,93850
JimInhofe,Jim,Inhofe,James M Inhofe (R),N00005582,2018,Mining,E04,93775
JimInhofe,Jim,Inhofe,James M Inhofe (R),N00005582,2018,Real Estate,F10,90310
JimInhofe,Jim,Inhofe,James M Inhofe (R),N00005582,2018,Building Materials & Equipment,C05,87650
senrobportman,Rob,Portman,Rob Portman (R),N00003682,2018,Retired,W06,2540353
senrobportman,Rob,Portman,Rob Portman (R),N00003682,2018,Securities & Investment,F07,2539580
senrobportman,Rob,Portman,Rob Portman (R),N00003682,2018,Lawyers/Law Firms,K01,1242964
senrobportman,Rob,Portman,Rob Portman (R),N00003682,2018,Real Estate,F10,1159531
senrobportman,Rob,Portman,Rob Portman (R),N00003682,2018,Insurance,F09,1022213
senrobportman,Rob,Portman,Rob Portman (R),N00003682,2018,Misc Manufacturing & Distributing,N15,859204
senrobportman,Rob,Portman,Rob Portman (R),N00003682,2018,Leadership PACs,Q03,698236
senrobportman,Rob,Portman,Rob Portman (R),N00003682,2018,Misc Finance,F13,627692
senrobportman,Rob,Portman,Rob Portman (R),N00003682,2018,Lobbyists,K02,590963
senrobportman,Rob,Portman,Rob Portman (R),N00003682,2018,Oil & Gas,E01,587242
SenSherrodBrown,Sherrod,Brown,Sherrod Brown (D),N00003535,2018,Lawyers/Law Firms,K01,1870608
SenSherrodBrown,Sherrod,Brown,Sherrod Brown (D),N00003535,2018,Democratic/Liberal,Q02,1160326
SenSherrodBrown,Sherrod,Brown,Sherrod Brown (D),N00003535,2018,Retired,W06,1057710
SenSherrodBrown,Sherrod,Brown,Sherrod Brown (D),N00003535,2018,Education,W04,690324
SenSherrodBrown,Sherrod,Brown,Sherrod Brown (D),N00003535,2018,Real Estate,F10,632763
SenSherrodBrown,Sherrod,Brown,Sherrod Brown (D),N00003535,2018,Health Professionals,H01,592523
SenSherrodBrown,Sherrod,Brown,Sherrod Brown (D),N00003535,2018,Insurance,F09,536980
SenSherrodBrown,Sherrod,Brown,Sherrod Brown (D),N00003535,2018,Securities & Investment,F07,524437
SenSherrodBrown,Sherrod,Brown,Sherrod Brown (D),N00003535,2018,Business Services,N05,396691
SenSherrodBrown,Sherrod,Brown,Sherrod Brown (D),N00003535,2018,Leadership PACs,Q03,378900
SenJohnHoeven,John,Hoeven,John Hoeven (R),N00031688,2018,Oil & Gas,E01,337825
SenJohnHoeven,John,Hoeven,John Hoeven (R),N00031688,2018,Leadership PACs,Q03,317164
SenJohnHoeven,John,Hoeven,John Hoeven (R),N00031688,2018,Electric Utilities,E08,122955
SenJohnHoeven,John,Hoeven,John Hoeven (R),N00031688,2018,Mining,E04,116448
SenJohnHoeven,John,Hoeven,John Hoeven (R),N00031688,2018,Real Estate,F10,104343
SenJohnHoeven,John,Hoeven,John Hoeven (R),N00031688,2018,Crop Production & Basic Processing,A01,100425
SenJohnHoeven,John,Hoeven,John Hoeven (R),N00031688,2018,Securities & Investment,F07,99733
SenJohnHoeven,John,Hoeven,John Hoeven (R),N00031688,2018,Agricultural Services/Products,A07,94000
SenJohnHoeven,John,Hoeven,John Hoeven (R),N00031688,2018,Insurance,F09,90840
SenJohnHoeven,John,Hoeven,John Hoeven (R),N00031688,2018,Misc Manufacturing & Distributing,N15,84413
SenatorHeitkamp,Heidi,Heitkamp,Heidi Heitkamp (D),N00033782,2018,Lawyers/Law Firms,K01,914490
SenatorHeitkamp,Heidi,Heitkamp,Heidi Heitkamp (D),N00033782,2018,Securities & Investment,F07,586001
SenatorHeitkamp,Heidi,Heitkamp,Heidi Heitkamp (D),N00033782,2018,Oil & Gas,E01,453633
SenatorHeitkamp,Heidi,Heitkamp,Heidi Heitkamp (D),N00033782,2018,Leadership PACs,Q03,394700
SenatorHeitkamp,Heidi,Heitkamp,Heidi Heitkamp (D),N00033782,2018,Insurance,F09,358935
SenatorHeitkamp,Heidi,Heitkamp,Heidi Heitkamp (D),N00033782,2018,Lobbyists,K02,350682
SenatorHeitkamp,Heidi,Heitkamp,Heidi Heitkamp (D),N00033782,2018,Commercial Banks,F03,263563
SenatorHeitkamp,Heidi,Heitkamp,Heidi Heitkamp (D),N00033782,2018,Real Estate,F10,235514
SenatorHeitkamp,Heidi,Heitkamp,Heidi Heitkamp (D),N00033782,2018,Women's Issues,Q08,205671
SenatorHeitkamp,Heidi,Heitkamp,Heidi Heitkamp (D),N00033782,2018,Democratic/Liberal,Q02,194360
SenThomTillis,Thom,Tillis,Thom Tillis (R),N00035492,2018,Retired,W06,1306664
SenThomTillis,Thom,Tillis,Thom Tillis (R),N00035492,2018,Securities & Investment,F07,663200
SenThomTillis,Thom,Tillis,Thom Tillis (R),N00035492,2018,Real Estate,F10,640909
SenThomTillis,Thom,Tillis,Thom Tillis (R),N00035492,2018,Lawyers/Law Firms,K01,466267
SenThomTillis,Thom,Tillis,Thom Tillis (R),N00035492,2018,Health Professionals,H01,392598
SenThomTillis,Thom,Tillis,Thom Tillis (R),N00035492,2018,Leadership PACs,Q03,376775
SenThomTillis,Thom,Tillis,Thom Tillis (R),N00035492,2018,Oil & Gas,E01,267400
SenThomTillis,Thom,Tillis,Thom Tillis (R),N00035492,2018,Business Services,N05,235649
SenThomTillis,Thom,Tillis,Thom Tillis (R),N00035492,2018,Commercial Banks,F03,225975
SenThomTillis,Thom,Tillis,Thom Tillis (R),N00035492,2018,Insurance,F09,224723
SenatorBurr,Richard,Burr,Richard Burr (R),N00002221,2018,Retired,W06,1030971
SenatorBurr,Richard,Burr,Richard Burr (R),N00002221,2018,Securities & Investment,F07,777599
SenatorBurr,Richard,Burr,Richard Burr (R),N00002221,2018,Lawyers/Law Firms,K01,568653
SenatorBurr,Richard,Burr,Richard Burr (R),N00002221,2018,Insurance,F09,527477
SenatorBurr,Richard,Burr,Richard Burr (R),N00002221,2018,Leadership PACs,Q03,514160
SenatorBurr,Richard,Burr,Richard Burr (R),N00002221,2018,Pharmaceuticals/Health Products,H04,504039
SenatorBurr,Richard,Burr,Richard Burr (R),N00002221,2018,Real Estate,F10,490629
SenatorBurr,Richard,Burr,Richard Burr (R),N00002221,2018,Health Professionals,H01,442794
SenatorBurr,Richard,Burr,Richard Burr (R),N00002221,2018,Lobbyists,K02,351906
SenatorBurr,Richard,Burr,Richard Burr (R),N00002221,2018,Oil & Gas,E01,291407
SenGillibrand,Kirsten,Gillibrand,Kirsten Gillibrand (D),N00027658,2018,Lawyers/Law Firms,K01,1660117
SenGillibrand,Kirsten,Gillibrand,Kirsten Gillibrand (D),N00027658,2018,Securities & Investment,F07,803828
SenGillibrand,Kirsten,Gillibrand,Kirsten Gillibrand (D),N00027658,2018,Democratic/Liberal,Q02,780967
SenGillibrand,Kirsten,Gillibrand,Kirsten Gillibrand (D),N00027658,2018,Retired,W06,676934
SenGillibrand,Kirsten,Gillibrand,Kirsten Gillibrand (D),N00027658,2018,Women's Issues,Q08,670711
SenGillibrand,Kirsten,Gillibrand,Kirsten Gillibrand (D),N00027658,2018,Real Estate,F10,470174
SenGillibrand,Kirsten,Gillibrand,Kirsten Gillibrand (D),N00027658,2018,TV/Movies/Music,B02,368415
SenGillibrand,Kirsten,Gillibrand,Kirsten Gillibrand (D),N00027658,2018,Business Services,N05,364547
SenGillibrand,Kirsten,Gillibrand,Kirsten Gillibrand (D),N00027658,2018,Printing & Publishing,B01,324329
SenGillibrand,Kirsten,Gillibrand,Kirsten Gillibrand (D),N00027658,2018,Education,W04,304055
SenSchumer,Chuck,Schumer,Charles E Schumer (D),N00001093,2018,Securities & Investment,F07,3194382
SenSchumer,Chuck,Schumer,Charles E Schumer (D),N00001093,2018,Lawyers/Law Firms,K01,2068207
SenSchumer,Chuck,Schumer,Charles E Schumer (D),N00001093,2018,Real Estate,F10,1794217
SenSchumer,Chuck,Schumer,Charles E Schumer (D),N00001093,2018,Insurance,F09,709439
SenSchumer,Chuck,Schumer,Charles E Schumer (D),N00001093,2018,Retired,W06,620722
SenSchumer,Chuck,Schumer,Charles E Schumer (D),N00001093,2018,Lobbyists,K02,580577
SenSchumer,Chuck,Schumer,Charles E Schumer (D),N00001093,2018,Misc Finance,F13,562295
SenSchumer,Chuck,Schumer,Charles E Schumer (D),N00001093,2018,TV/Movies/Music,B02,547214
SenSchumer,Chuck,Schumer,Charles E Schumer (D),N00001093,2018,Electronics Mfg & Equip,B12,519624
SenSchumer,Chuck,Schumer,Charles E Schumer (D),N00001093,2018,Hospitals/Nursing Homes,H02,503068
SenatorTomUdall,Tom,Udall,Tom Udall (D),N00006561,2018,Lawyers/Law Firms,K01,653683
SenatorTomUdall,Tom,Udall,Tom Udall (D),N00006561,2018,Retired,W06,512796
SenatorTomUdall,Tom,Udall,Tom Udall (D),N00006561,2018,Leadership PACs,Q03,265600
SenatorTomUdall,Tom,Udall,Tom Udall (D),N00006561,2018,Securities & Investment,F07,233780
SenatorTomUdall,Tom,Udall,Tom Udall (D),N00006561,2018,Real Estate,F10,207172
SenatorTomUdall,Tom,Udall,Tom Udall (D),N00006561,2018,Health Professionals,H01,194663
SenatorTomUdall,Tom,Udall,Tom Udall (D),N00006561,2018,Education,W04,190986
SenatorTomUdall,Tom,Udall,Tom Udall (D),N00006561,2018,Casinos/Gambling,N07,181518
SenatorTomUdall,Tom,Udall,Tom Udall (D),N00006561,2018,TV/Movies/Music,B02,180090
SenatorTomUdall,Tom,Udall,Tom Udall (D),N00006561,2018,Lobbyists,K02,177226
MartinHeinrich,Martin,Heinrich,Martin Heinrich (D),N00029835,2018,Lawyers/Law Firms,K01,595855
MartinHeinrich,Martin,Heinrich,Martin Heinrich (D),N00029835,2018,Lobbyists,K02,301937
MartinHeinrich,Martin,Heinrich,Martin Heinrich (D),N00029835,2018,Leadership PACs,Q03,264043
MartinHeinrich,Martin,Heinrich,Martin Heinrich (D),N00029835,2018,Democratic/Liberal,Q02,247775
MartinHeinrich,Martin,Heinrich,Martin Heinrich (D),N00029835,2018,Retired,W06,238677
MartinHeinrich,Martin,Heinrich,Martin Heinrich (D),N00029835,2018,Securities & Investment,F07,196219
MartinHeinrich,Martin,Heinrich,Martin Heinrich (D),N00029835,2018,Environment,Q11,190689
MartinHeinrich,Martin,Heinrich,Martin Heinrich (D),N00029835,2018,Health Professionals,H01,190553
MartinHeinrich,Martin,Heinrich,Martin Heinrich (D),N00029835,2018,Pharmaceuticals/Health Products,H04,153250
MartinHeinrich,Martin,Heinrich,Martin Heinrich (D),N00029835,2018,Casinos/Gambling,N07,129895
SenatorMenendez,Bob,Menendez,Robert Menendez (D),N00000699,2018,Lawyers/Law Firms,K01,619027
SenatorMenendez,Bob,Menendez,Robert Menendez (D),N00000699,2018,Real Estate,F10,503452
SenatorMenendez,Bob,Menendez,Robert Menendez (D),N00000699,2018,Securities & Investment,F07,272310
SenatorMenendez,Bob,Menendez,Robert Menendez (D),N00000699,2018,Retired,W06,266840
SenatorMenendez,Bob,Menendez,Robert Menendez (D),N00000699,2018,Pro-Israel,Q05,255588
SenatorMenendez,Bob,Menendez,Robert Menendez (D),N00000699,2018,Lobbyists,K02,221354
SenatorMenendez,Bob,Menendez,Robert Menendez (D),N00000699,2018,Leadership PACs,Q03,168700
SenatorMenendez,Bob,Menendez,Robert Menendez (D),N00000699,2018,Insurance,F09,146465
SenatorMenendez,Bob,Menendez,Robert Menendez (D),N00000699,2018,Health Professionals,H01,136819
SenatorMenendez,Bob,Menendez,Robert Menendez (D),N00000699,2018,Pharmaceuticals/Health Products,H04,132945
CoryBooker,Cory,Booker,Cory Booker (D),N00035267,2018,Lawyers/Law Firms,K01,2708145
CoryBooker,Cory,Booker,Cory Booker (D),N00035267,2018,Securities & Investment,F07,2462465
CoryBooker,Cory,Booker,Cory Booker (D),N00035267,2018,Real Estate,F10,1278056
CoryBooker,Cory,Booker,Cory Booker (D),N00035267,2018,TV/Movies/Music,B02,848551
CoryBooker,Cory,Booker,Cory Booker (D),N00035267,2018,Misc Finance,F13,544851
CoryBooker,Cory,Booker,Cory Booker (D),N00035267,2018,Business Services,N05,532827
CoryBooker,Cory,Booker,Cory Booker (D),N00035267,2018,Retired,W06,464470
CoryBooker,Cory,Booker,Cory Booker (D),N00035267,2018,Insurance,F09,434695
CoryBooker,Cory,Booker,Cory Booker (D),N00035267,2018,Pro-Israel,Q05,434126
CoryBooker,Cory,Booker,Cory Booker (D),N00035267,2018,Pharmaceuticals/Health Products,H04,406826
SenatorHassan,Maggie,Hassan,Maggie Hassan (D),N00038397,2018,Women's Issues,Q08,1745904
SenatorHassan,Maggie,Hassan,Maggie Hassan (D),N00038397,2018,Retired,W06,1674411
SenatorHassan,Maggie,Hassan,Maggie Hassan (D),N00038397,2018,Democratic/Liberal,Q02,1559960
SenatorHassan,Maggie,Hassan,Maggie Hassan (D),N00038397,2018,Lawyers/Law Firms,K01,1453329
SenatorHassan,Maggie,Hassan,Maggie Hassan (D),N00038397,2018,Education,W04,729194
SenatorHassan,Maggie,Hassan,Maggie Hassan (D),N00038397,2018,Real Estate,F10,427648
SenatorHassan,Maggie,Hassan,Maggie Hassan (D),N00038397,2018,Securities & Investment,F07,421263
SenatorHassan,Maggie,Hassan,Maggie Hassan (D),N00038397,2018,Leadership PACs,Q03,387650
SenatorHassan,Maggie,Hassan,Maggie Hassan (D),N00038397,2018,Business Services,N05,311098
SenatorHassan,Maggie,Hassan,Maggie Hassan (D),N00038397,2018,Pro-Israel,Q05,295978
SenatorShaheen,Jeanne,Shaheen,Jeanne Shaheen (D),N00024790,2018,Women's Issues,Q08,781813
SenatorShaheen,Jeanne,Shaheen,Jeanne Shaheen (D),N00024790,2018,Lawyers/Law Firms,K01,722357
SenatorShaheen,Jeanne,Shaheen,Jeanne Shaheen (D),N00024790,2018,Retired,W06,623916
SenatorShaheen,Jeanne,Shaheen,Jeanne Shaheen (D),N00024790,2018,Leadership PACs,Q03,444600
SenatorShaheen,Jeanne,Shaheen,Jeanne Shaheen (D),N00024790,2018,Real Estate,F10,321791
SenatorShaheen,Jeanne,Shaheen,Jeanne Shaheen (D),N00024790,2018,Securities & Investment,F07,319249
SenatorShaheen,Jeanne,Shaheen,Jeanne Shaheen (D),N00024790,2018,Lobbyists,K02,258685
SenatorShaheen,Jeanne,Shaheen,Jeanne Shaheen (D),N00024790,2018,TV/Movies/Music,B02,226975
SenatorShaheen,Jeanne,Shaheen,Jeanne Shaheen (D),N00024790,2018,Environment,Q11,218018
SenatorShaheen,Jeanne,Shaheen,Jeanne Shaheen (D),N00024790,2018,Pro-Israel,Q05,206089
SenDeanHeller,Dean,Heller,Dean Heller (R),N00027522,2018,Securities & Investment,F07,490167
SenDeanHeller,Dean,Heller,Dean Heller (R),N00027522,2018,Leadership PACs,Q03,476750
SenDeanHeller,Dean,Heller,Dean Heller (R),N00027522,2018,Casinos/Gambling,N07,390750
SenDeanHeller,Dean,Heller,Dean Heller (R),N00027522,2018,Insurance,F09,383341
SenDeanHeller,Dean,Heller,Dean Heller (R),N00027522,2018,Real Estate,F10,342028
SenDeanHeller,Dean,Heller,Dean Heller (R),N00027522,2018,Lobbyists,K02,282900
SenDeanHeller,Dean,Heller,Dean Heller (R),N00027522,2018,Retired,W06,243760
SenDeanHeller,Dean,Heller,Dean Heller (R),N00027522,2018,Health Professionals,H01,220213
SenDeanHeller,Dean,Heller,Dean Heller (R),N00027522,2018,Lawyers/Law Firms,K01,218602
SenDeanHeller,Dean,Heller,Dean Heller (R),N00027522,2018,Commercial Banks,F03,178900
SenCortezMasto,Cortez,Masto,Catherine Cortez Masto (D),N00037161,2018,Women's Issues,Q08,1668680
SenCortezMasto,Cortez,Masto,Catherine Cortez Masto (D),N00037161,2018,Democratic/Liberal,Q02,1456723
SenCortezMasto,Cortez,Masto,Catherine Cortez Masto (D),N00037161,2018,Lawyers/Law Firms,K01,1430661
SenCortezMasto,Cortez,Masto,Catherine Cortez Masto (D),N00037161,2018,Retired,W06,763174
SenCortezMasto,Cortez,Masto,Catherine Cortez Masto (D),N00037161,2018,Education,W04,615939
SenCortezMasto,Cortez,Masto,Catherine Cortez Masto (D),N00037161,2018,Human Rights,Q09,596008
SenCortezMasto,Cortez,Masto,Catherine Cortez Masto (D),N00037161,2018,Environment,Q11,512460
SenCortezMasto,Cortez,Masto,Catherine Cortez Masto (D),N00037161,2018,Securities & Investment,F07,503131
SenCortezMasto,Cortez,Masto,Catherine Cortez Masto (D),N00037161,2018,Leadership PACs,Q03,409076
SenCortezMasto,Cortez,Masto,Catherine Cortez Masto (D),N00037161,2018,Real Estate,F10,375394
BenSasse,Ben,Sasse,Ben Sasse (R),N00035544,2018,Republican/Conservative,Q01,703702
BenSasse,Ben,Sasse,Ben Sasse (R),N00035544,2018,Securities & Investment,F07,575510
BenSasse,Ben,Sasse,Ben Sasse (R),N00035544,2018,Retired,W06,409147
BenSasse,Ben,Sasse,Ben Sasse (R),N00035544,2018,Insurance,F09,259560
BenSasse,Ben,Sasse,Ben Sasse (R),N00035544,2018,Lawyers/Law Firms,K01,208150
BenSasse,Ben,Sasse,Ben Sasse (R),N00035544,2018,Real Estate,F10,205713
BenSasse,Ben,Sasse,Ben Sasse (R),N00035544,2018,Leadership PACs,Q03,201382
BenSasse,Ben,Sasse,Ben Sasse (R),N00035544,2018,Oil & Gas,E01,185085
BenSasse,Ben,Sasse,Ben Sasse (R),N00035544,2018,Health Professionals,H01,168488
BenSasse,Ben,Sasse,Ben Sasse (R),N00035544,2018,Business Services,N05,164000
SenatorFischer,Deb,Fischer,Deb Fischer (R),N00033443,2018,Leadership PACs,Q03,385232
SenatorFischer,Deb,Fischer,Deb Fischer (R),N00033443,2018,Lawyers/Law Firms,K01,172000
SenatorFischer,Deb,Fischer,Deb Fischer (R),N00033443,2018,Telecom Services,B09,160750
SenatorFischer,Deb,Fischer,Deb Fischer (R),N00033443,2018,Insurance,F09,159024
SenatorFischer,Deb,Fischer,Deb Fischer (R),N00033443,2018,Railroads,M04,140449
SenatorFischer,Deb,Fischer,Deb Fischer (R),N00033443,2018,Lobbyists,K02,128961
SenatorFischer,Deb,Fischer,Deb Fischer (R),N00033443,2018,Crop Production & Basic Processing,A01,128274
SenatorFischer,Deb,Fischer,Deb Fischer (R),N00033443,2018,Retired,W06,120615
SenatorFischer,Deb,Fischer,Deb Fischer (R),N00033443,2018,Agricultural Services/Products,A07,115475
SenatorFischer,Deb,Fischer,Deb Fischer (R),N00033443,2018,Securities & Investment,F07,92911
SenatorTester,Jon,Tester,Jon Tester (D),N00027605,2018,Lawyers/Law Firms,K01,874184
SenatorTester,Jon,Tester,Jon Tester (D),N00027605,2018,Securities & Investment,F07,819822
SenatorTester,Jon,Tester,Jon Tester (D),N00027605,2018,Retired,W06,477157
SenatorTester,Jon,Tester,Jon Tester (D),N00027605,2018,Leadership PACs,Q03,450010
SenatorTester,Jon,Tester,Jon Tester (D),N00027605,2018,Insurance,F09,382409
SenatorTester,Jon,Tester,Jon Tester (D),N00027605,2018,Lobbyists,K02,323499
SenatorTester,Jon,Tester,Jon Tester (D),N00027605,2018,Real Estate,F10,309478
SenatorTester,Jon,Tester,Jon Tester (D),N00027605,2018,Democratic/Liberal,Q02,307801
SenatorTester,Jon,Tester,Jon Tester (D),N00027605,2018,Commercial Banks,F03,297847
SenatorTester,Jon,Tester,Jon Tester (D),N00027605,2018,Business Services,N05,192227
SteveDaines,Steve,Daines,Steven Daines (R),N00033054,2018,Retired,W06,637054
SteveDaines,Steve,Daines,Steven Daines (R),N00033054,2018,Securities & Investment,F07,548850
SteveDaines,Steve,Daines,Steven Daines (R),N00033054,2018,Oil & Gas,E01,434490
SteveDaines,Steve,Daines,Steven Daines (R),N00033054,2018,Leadership PACs,Q03,331286
SteveDaines,Steve,Daines,Steven Daines (R),N00033054,2018,Real Estate,F10,273000
SteveDaines,Steve,Daines,Steven Daines (R),N00033054,2018,General Contractors,C01,191100
SteveDaines,Steve,Daines,Steven Daines (R),N00033054,2018,Republican/Conservative,Q01,184526
SteveDaines,Steve,Daines,Steven Daines (R),N00033054,2018,Commercial Banks,F03,182700
SteveDaines,Steve,Daines,Steven Daines (R),N00033054,2018,Mining,E04,159700
SteveDaines,Steve,Daines,Steven Daines (R),N00033054,2018,Livestock,A06,153675
RoyBlunt,Roy,Blunt,Roy Blunt (R),N00005195,2018,Securities & Investment,F07,808707
RoyBlunt,Roy,Blunt,Roy Blunt (R),N00005195,2018,Retired,W06,801173
RoyBlunt,Roy,Blunt,Roy Blunt (R),N00005195,2018,Real Estate,F10,707932
RoyBlunt,Roy,Blunt,Roy Blunt (R),N00005195,2018,Leadership PACs,Q03,631765
RoyBlunt,Roy,Blunt,Roy Blunt (R),N00005195,2018,Lawyers/Law Firms,K01,610521
RoyBlunt,Roy,Blunt,Roy Blunt (R),N00005195,2018,Lobbyists,K02,514470
RoyBlunt,Roy,Blunt,Roy Blunt (R),N00005195,2018,Health Professionals,H01,438975
RoyBlunt,Roy,Blunt,Roy Blunt (R),N00005195,2018,Insurance,F09,408607
RoyBlunt,Roy,Blunt,Roy Blunt (R),N00005195,2018,Pharmaceuticals/Health Products,H04,391884
RoyBlunt,Roy,Blunt,Roy Blunt (R),N00005195,2018,Misc Manufacturing & Distributing,N15,365325
clairecmc,Claire,McCaskill,Claire McCaskill (D),N00027694,2018,Lawyers/Law Firms,K01,2407323
clairecmc,Claire,McCaskill,Claire McCaskill (D),N00027694,2018,Women's Issues,Q08,1263710
clairecmc,Claire,McCaskill,Claire McCaskill (D),N00027694,2018,Democratic/Liberal,Q02,1061961
clairecmc,Claire,McCaskill,Claire McCaskill (D),N00027694,2018,Retired,W06,938545
clairecmc,Claire,McCaskill,Claire McCaskill (D),N00027694,2018,Securities & Investment,F07,921931
clairecmc,Claire,McCaskill,Claire McCaskill (D),N00027694,2018,Education,W04,625122
clairecmc,Claire,McCaskill,Claire McCaskill (D),N00027694,2018,Real Estate,F10,442455
clairecmc,Claire,McCaskill,Claire McCaskill (D),N00027694,2018,Health Professionals,H01,350629
clairecmc,Claire,McCaskill,Claire McCaskill (D),N00027694,2018,Leadership PACs,Q03,328000
clairecmc,Claire,McCaskill,Claire McCaskill (D),N00027694,2018,Health Services/HMOs,H03,316446
SenatorWicker,Roger,Wicker,Roger Wicker (R),N00003280,2018,Leadership PACs,Q03,363000
SenatorWicker,Roger,Wicker,Roger Wicker (R),N00003280,2018,Lawyers/Law Firms,K01,214350
SenatorWicker,Roger,Wicker,Roger Wicker (R),N00003280,2018,Oil & Gas,E01,177750
SenatorWicker,Roger,Wicker,Roger Wicker (R),N00003280,2018,Real Estate,F10,160690
SenatorWicker,Roger,Wicker,Roger Wicker (R),N00003280,2018,Lobbyists,K02,156100
SenatorWicker,Roger,Wicker,Roger Wicker (R),N00003280,2018,Securities & Investment,F07,152574
SenatorWicker,Roger,Wicker,Roger Wicker (R),N00003280,2018,Telecom Services,B09,145450
SenatorWicker,Roger,Wicker,Roger Wicker (R),N00003280,2018,Railroads,M04,128138
SenatorWicker,Roger,Wicker,Roger Wicker (R),N00003280,2018,Misc Finance,F13,120050
SenatorWicker,Roger,Wicker,Roger Wicker (R),N00003280,2018,Health Professionals,H01,118550
SenThadCochran,Thad,Cochran,Thad Cochran (R),N00003328,2018,Crop Production & Basic Processing,A01,534225
SenThadCochran,Thad,Cochran,Thad Cochran (R),N00003328,2018,Leadership PACs,Q03,495800
SenThadCochran,Thad,Cochran,Thad Cochran (R),N00003328,2018,Lawyers/Law Firms,K01,355100
SenThadCochran,Thad,Cochran,Thad Cochran (R),N00003328,2018,Oil & Gas,E01,268299
SenThadCochran,Thad,Cochran,Thad Cochran (R),N00003328,2018,Lobbyists,K02,245676
SenThadCochran,Thad,Cochran,Thad Cochran (R),N00003328,2018,Agricultural Services/Products,A07,242300
SenThadCochran,Thad,Cochran,Thad Cochran (R),N00003328,2018,Defense Aerospace,D01,239500
SenThadCochran,Thad,Cochran,Thad Cochran (R),N00003328,2018,Retired,W06,196704
SenThadCochran,Thad,Cochran,Thad Cochran (R),N00003328,2018,Health Professionals,H01,166659
SenThadCochran,Thad,Cochran,Thad Cochran (R),N00003328,2018,Real Estate,F10,161079
SenTinaSmith,Tina,Smith,Tina Smith (D),N00042353,2018,Retired,W06,43350
SenTinaSmith,Tina,Smith,Tina Smith (D),N00042353,2018,Education,W04,36100
SenTinaSmith,Tina,Smith,Tina Smith (D),N00042353,2018,Insurance,F09,32200
SenTinaSmith,Tina,Smith,Tina Smith (D),N00042353,2018,Lawyers/Law Firms,K01,28000
SenTinaSmith,Tina,Smith,Tina Smith (D),N00042353,2018,Leadership PACs,Q03,27500
SenTinaSmith,Tina,Smith,Tina Smith (D),N00042353,2018,Women's Issues,Q08,15000
SenTinaSmith,Tina,Smith,Tina Smith (D),N00042353,2018,Non-Profit Institutions,W02,6400
SenTinaSmith,Tina,Smith,Tina Smith (D),N00042353,2018,Industrial Unions,P02,5000
SenTinaSmith,Tina,Smith,Tina Smith (D),N00042353,2018,Business Services,N05,4000
SenTinaSmith,Tina,Smith,Tina Smith (D),N00042353,2018,Civil Servants/Public Officials,W03,2000
amyklobuchar,Amy,Klobuchar,Amy Klobuchar (D),N00027500,2018,Lawyers/Law Firms,K01,764707
amyklobuchar,Amy,Klobuchar,Amy Klobuchar (D),N00027500,2018,Retired,W06,568039
amyklobuchar,Amy,Klobuchar,Amy Klobuchar (D),N00027500,2018,Securities & Investment,F07,289299
amyklobuchar,Amy,Klobuchar,Amy Klobuchar (D),N00027500,2018,Leadership PACs,Q03,263200
amyklobuchar,Amy,Klobuchar,Amy Klobuchar (D),N00027500,2018,Women's Issues,Q08,257323
amyklobuchar,Amy,Klobuchar,Amy Klobuchar (D),N00027500,2018,TV/Movies/Music,B02,228843
amyklobuchar,Amy,Klobuchar,Amy Klobuchar (D),N00027500,2018,Lobbyists,K02,166575
amyklobuchar,Amy,Klobuchar,Amy Klobuchar (D),N00027500,2018,Democratic/Liberal,Q02,148428
amyklobuchar,Amy,Klobuchar,Amy Klobuchar (D),N00027500,2018,Pharmaceuticals/Health Products,H04,145828
amyklobuchar,Amy,Klobuchar,Amy Klobuchar (D),N00027500,2018,Education,W04,137323
SenStabenow,Debbie,Stabenow,Debbie Stabenow (D),N00004118,2018,Retired,W06,696356
SenStabenow,Debbie,Stabenow,Debbie Stabenow (D),N00004118,2018,Lawyers/Law Firms,K01,665421
SenStabenow,Debbie,Stabenow,Debbie Stabenow (D),N00004118,2018,Securities & Investment,F07,522839
SenStabenow,Debbie,Stabenow,Debbie Stabenow (D),N00004118,2018,Women's Issues,Q08,398232
SenStabenow,Debbie,Stabenow,Debbie Stabenow (D),N00004118,2018,Leadership PACs,Q03,375900
SenStabenow,Debbie,Stabenow,Debbie Stabenow (D),N00004118,2018,Real Estate,F10,338025
SenStabenow,Debbie,Stabenow,Debbie Stabenow (D),N00004118,2018,Health Professionals,H01,326545
SenStabenow,Debbie,Stabenow,Debbie Stabenow (D),N00004118,2018,Insurance,F09,272898
SenStabenow,Debbie,Stabenow,Debbie Stabenow (D),N00004118,2018,Hospitals/Nursing Homes,H02,261244
SenStabenow,Debbie,Stabenow,Debbie Stabenow (D),N00004118,2018,Democratic/Liberal,Q02,234931
SenGaryPeters,Gary,Peters,Gary Peters (D),N00029277,2018,Lawyers/Law Firms,K01,1224629
SenGaryPeters,Gary,Peters,Gary Peters (D),N00029277,2018,Securities & Investment,F07,678929
SenGaryPeters,Gary,Peters,Gary Peters (D),N00029277,2018,Retired,W06,595204
SenGaryPeters,Gary,Peters,Gary Peters (D),N00029277,2018,Leadership PACs,Q03,550550
SenGaryPeters,Gary,Peters,Gary Peters (D),N00029277,2018,Real Estate,F10,511731
SenGaryPeters,Gary,Peters,Gary Peters (D),N00029277,2018,Environment,Q11,458857
SenGaryPeters,Gary,Peters,Gary Peters (D),N00029277,2018,Insurance,F09,439700
SenGaryPeters,Gary,Peters,Gary Peters (D),N00029277,2018,Health Professionals,H01,370690
SenGaryPeters,Gary,Peters,Gary Peters (D),N00029277,2018,Education,W04,334594
SenGaryPeters,Gary,Peters,Gary Peters (D),N00029277,2018,Lobbyists,K02,293756
SenWarren,Elizabeth,Warren,Elizabeth Warren (D),N00033492,2018,Retired,W06,2136218
SenWarren,Elizabeth,Warren,Elizabeth Warren (D),N00033492,2018,Democratic/Liberal,Q02,1944229
SenWarren,Elizabeth,Warren,Elizabeth Warren (D),N00033492,2018,Women's Issues,Q08,720090
SenWarren,Elizabeth,Warren,Elizabeth Warren (D),N00033492,2018,Lawyers/Law Firms,K01,693171
SenWarren,Elizabeth,Warren,Elizabeth Warren (D),N00033492,2018,Education,W04,597772
SenWarren,Elizabeth,Warren,Elizabeth Warren (D),N00033492,2018,TV/Movies/Music,B02,288383
SenWarren,Elizabeth,Warren,Elizabeth Warren (D),N00033492,2018,Health Professionals,H01,249907
SenWarren,Elizabeth,Warren,Elizabeth Warren (D),N00033492,2018,Real Estate,F10,236889
SenWarren,Elizabeth,Warren,Elizabeth Warren (D),N00033492,2018,Printing & Publishing,B01,230270
SenWarren,Elizabeth,Warren,Elizabeth Warren (D),N00033492,2018,Business Services,N05,203186
SenMarkey,Ed,Markey,Ed Markey (D),N00000270,2018,Lawyers/Law Firms,K01,1547445
SenMarkey,Ed,Markey,Ed Markey (D),N00000270,2018,Securities & Investment,F07,837258
SenMarkey,Ed,Markey,Ed Markey (D),N00000270,2018,Real Estate,F10,657967
SenMarkey,Ed,Markey,Ed Markey (D),N00000270,2018,Lobbyists,K02,445411
SenMarkey,Ed,Markey,Ed Markey (D),N00000270,2018,Retired,W06,424149
SenMarkey,Ed,Markey,Ed Markey (D),N00000270,2018,Telecom Services,B09,406275
SenMarkey,Ed,Markey,Ed Markey (D),N00000270,2018,Environment,Q11,373513
SenMarkey,Ed,Markey,Ed Markey (D),N00000270,2018,TV/Movies/Music,B02,371458
SenMarkey,Ed,Markey,Ed Markey (D),N00000270,2018,Leadership PACs,Q03,339300
SenMarkey,Ed,Markey,Ed Markey (D),N00000270,2018,Business Services,N05,298764
SenatorCardin,Ben,Cardin,Ben Cardin (D),N00001955,2018,Insurance,F09,256010
SenatorCardin,Ben,Cardin,Ben Cardin (D),N00001955,2018,Lawyers/Law Firms,K01,192135
SenatorCardin,Ben,Cardin,Ben Cardin (D),N00001955,2018,Securities & Investment,F07,191050
SenatorCardin,Ben,Cardin,Ben Cardin (D),N00001955,2018,Health Professionals,H01,191039
SenatorCardin,Ben,Cardin,Ben Cardin (D),N00001955,2018,Pro-Israel,Q05,181200
SenatorCardin,Ben,Cardin,Ben Cardin (D),N00001955,2018,Real Estate,F10,156932
SenatorCardin,Ben,Cardin,Ben Cardin (D),N00001955,2018,Retired,W06,146697
SenatorCardin,Ben,Cardin,Ben Cardin (D),N00001955,2018,Misc Finance,F13,119900
SenatorCardin,Ben,Cardin,Ben Cardin (D),N00001955,2018,Leadership PACs,Q03,118000
SenatorCardin,Ben,Cardin,Ben Cardin (D),N00001955,2018,Health Services/HMOs,H03,82985
ChrisVanHollen,Chris,Van Hollen,Chris Van Hollen (D),N00013820,2018,Lawyers/Law Firms,K01,4379955
ChrisVanHollen,Chris,Van Hollen,Chris Van Hollen (D),N00013820,2018,Retired,W06,3501957
ChrisVanHollen,Chris,Van Hollen,Chris Van Hollen (D),N00013820,2018,Real Estate,F10,1564653
ChrisVanHollen,Chris,Van Hollen,Chris Van Hollen (D),N00013820,2018,Education,W04,936849
ChrisVanHollen,Chris,Van Hollen,Chris Van Hollen (D),N00013820,2018,Lobbyists,K02,888822
ChrisVanHollen,Chris,Van Hollen,Chris Van Hollen (D),N00013820,2018,Securities & Investment,F07,858523
ChrisVanHollen,Chris,Van Hollen,Chris Van Hollen (D),N00013820,2018,Health Professionals,H01,812287
ChrisVanHollen,Chris,Van Hollen,Chris Van Hollen (D),N00013820,2018,Civil Servants/Public Officials,W03,765489
ChrisVanHollen,Chris,Van Hollen,Chris Van Hollen (D),N00013820,2018,Business Services,N05,750958
ChrisVanHollen,Chris,Van Hollen,Chris Van Hollen (D),N00013820,2018,Misc Issues,Q10,669881
SenatorCollins,Susan,Collins,Susan Collins (R),N00000491,2018,Retired,W06,426900
SenatorCollins,Susan,Collins,Susan Collins (R),N00000491,2018,Securities & Investment,F07,376600
SenatorCollins,Susan,Collins,Susan Collins (R),N00000491,2018,Lawyers/Law Firms,K01,358956
SenatorCollins,Susan,Collins,Susan Collins (R),N00000491,2018,Leadership PACs,Q03,320000
SenatorCollins,Susan,Collins,Susan Collins (R),N00000491,2018,Health Professionals,H01,284150
SenatorCollins,Susan,Collins,Susan Collins (R),N00000491,2018,Insurance,F09,256400
SenatorCollins,Susan,Collins,Susan Collins (R),N00000491,2018,Lobbyists,K02,245049
SenatorCollins,Susan,Collins,Susan Collins (R),N00000491,2018,Real Estate,F10,173625
SenatorCollins,Susan,Collins,Susan Collins (R),N00000491,2018,Pro-Israel,Q05,114810
SenatorCollins,Susan,Collins,Susan Collins (R),N00000491,2018,Misc Manufacturing & Distributing,N15,111250
SenAngusKing,Angus,King,Angus King (I),N00034580,2018,Retired,W06,377681
SenAngusKing,Angus,King,Angus King (I),N00034580,2018,Lawyers/Law Firms,K01,178546
SenAngusKing,Angus,King,Angus King (I),N00034580,2018,Leadership PACs,Q03,136000
SenAngusKing,Angus,King,Angus King (I),N00034580,2018,Securities & Investment,F07,128763
SenAngusKing,Angus,King,Angus King (I),N00034580,2018,Real Estate,F10,124597
SenAngusKing,Angus,King,Angus King (I),N00034580,2018,Insurance,F09,79700
SenAngusKing,Angus,King,Angus King (I),N00034580,2018,Health Professionals,H01,69432
SenAngusKing,Angus,King,Angus King (I),N00034580,2018,Business Services,N05,55394
SenAngusKing,Angus,King,Angus King (I),N00034580,2018,Electronics Mfg & Equip,B12,51513
SenAngusKing,Angus,King,Angus King (I),N00034580,2018,Telecom Services,B09,48000
SenJohnKennedy,John,Kennedy,John Kennedy (R),N00026823,2018,Retired,W06,699910
SenJohnKennedy,John,Kennedy,John Kennedy (R),N00026823,2018,Lawyers/Law Firms,K01,679350
SenJohnKennedy,John,Kennedy,John Kennedy (R),N00026823,2018,Real Estate,F10,464990
SenJohnKennedy,John,Kennedy,John Kennedy (R),N00026823,2018,Oil & Gas,E01,410300
SenJohnKennedy,John,Kennedy,John Kennedy (R),N00026823,2018,General Contractors,C01,394950
SenJohnKennedy,John,Kennedy,John Kennedy (R),N00026823,2018,Health Professionals,H01,338500
SenJohnKennedy,John,Kennedy,John Kennedy (R),N00026823,2018,Sea Transport,M05,195900
SenJohnKennedy,John,Kennedy,John Kennedy (R),N00026823,2018,Insurance,F09,195562
SenJohnKennedy,John,Kennedy,John Kennedy (R),N00026823,2018,Leadership PACs,Q03,191500
SenJohnKennedy,John,Kennedy,John Kennedy (R),N00026823,2018,Automotive,M02,175900
BillCassidy,Bill,Cassidy,Bill Cassidy (R),N00030245,2018,Health Professionals,H01,1462535
BillCassidy,Bill,Cassidy,Bill Cassidy (R),N00030245,2018,Retired,W06,1181394
BillCassidy,Bill,Cassidy,Bill Cassidy (R),N00030245,2018,Securities & Investment,F07,1051826
BillCassidy,Bill,Cassidy,Bill Cassidy (R),N00030245,2018,Oil & Gas,E01,883070
BillCassidy,Bill,Cassidy,Bill Cassidy (R),N00030245,2018,Leadership PACs,Q03,608794
BillCassidy,Bill,Cassidy,Bill Cassidy (R),N00030245,2018,Real Estate,F10,473945
BillCassidy,Bill,Cassidy,Bill Cassidy (R),N00030245,2018,Lawyers/Law Firms,K01,345435
BillCassidy,Bill,Cassidy,Bill Cassidy (R),N00030245,2018,Pharmaceuticals/Health Products,H04,326356
BillCassidy,Bill,Cassidy,Bill Cassidy (R),N00030245,2018,General Contractors,C01,303300
BillCassidy,Bill,Cassidy,Bill Cassidy (R),N00030245,2018,Republican/Conservative,Q01,302540
RandPaul,Rand,Paul,Rand Paul (R),N00030836,2018,Retired,W06,788760
RandPaul,Rand,Paul,Rand Paul (R),N00030836,2018,Health Professionals,H01,570158
RandPaul,Rand,Paul,Rand Paul (R),N00030836,2018,Republican/Conservative,Q01,422476
RandPaul,Rand,Paul,Rand Paul (R),N00030836,2018,Securities & Investment,F07,386833
RandPaul,Rand,Paul,Rand Paul (R),N00030836,2018,Real Estate,F10,246373
RandPaul,Rand,Paul,Rand Paul (R),N00030836,2018,Leadership PACs,Q03,219500
RandPaul,Rand,Paul,Rand Paul (R),N00030836,2018,Lawyers/Law Firms,K01,195863
RandPaul,Rand,Paul,Rand Paul (R),N00030836,2018,Misc Finance,F13,176617
RandPaul,Rand,Paul,Rand Paul (R),N00030836,2018,Insurance,F09,139136
RandPaul,Rand,Paul,Rand Paul (R),N00030836,2018,Mining,E04,139100
SenateMajLdr,Mitch,McConnell,Mitch McConnell (R),N00003389,2018,Securities & Investment,F07,1845051
SenateMajLdr,Mitch,McConnell,Mitch McConnell (R),N00003389,2018,Retired,W06,1225663
SenateMajLdr,Mitch,McConnell,Mitch McConnell (R),N00003389,2018,Lawyers/Law Firms,K01,879286
SenateMajLdr,Mitch,McConnell,Mitch McConnell (R),N00003389,2018,Insurance,F09,861975
SenateMajLdr,Mitch,McConnell,Mitch McConnell (R),N00003389,2018,Health Professionals,H01,799365
SenateMajLdr,Mitch,McConnell,Mitch McConnell (R),N00003389,2018,Real Estate,F10,786965
SenateMajLdr,Mitch,McConnell,Mitch McConnell (R),N00003389,2018,Oil & Gas,E01,762184
SenateMajLdr,Mitch,McConnell,Mitch McConnell (R),N00003389,2018,Lobbyists,K02,588285
SenateMajLdr,Mitch,McConnell,Mitch McConnell (R),N00003389,2018,Pharmaceuticals/Health Products,H04,470273
SenateMajLdr,Mitch,McConnell,Mitch McConnell (R),N00003389,2018,Misc Finance,F13,469055
JerryMoran,Jerry,Moran,Jerry Moran (R),N00005282,2018,Leadership PACs,Q03,357200
JerryMoran,Jerry,Moran,Jerry Moran (R),N00005282,2018,Crop Production & Basic Processing,A01,235240
JerryMoran,Jerry,Moran,Jerry Moran (R),N00005282,2018,Securities & Investment,F07,233875
JerryMoran,Jerry,Moran,Jerry Moran (R),N00005282,2018,Oil & Gas,E01,184852
JerryMoran,Jerry,Moran,Jerry Moran (R),N00005282,2018,Agricultural Services/Products,A07,182150
JerryMoran,Jerry,Moran,Jerry Moran (R),N00005282,2018,Commercial Banks,F03,178299
JerryMoran,Jerry,Moran,Jerry Moran (R),N00005282,2018,Lawyers/Law Firms,K01,177478
JerryMoran,Jerry,Moran,Jerry Moran (R),N00005282,2018,Railroads,M04,173755
JerryMoran,Jerry,Moran,Jerry Moran (R),N00005282,2018,Retired,W06,168945
JerryMoran,Jerry,Moran,Jerry Moran (R),N00005282,2018,Health Professionals,H01,168187
SenPatRoberts,Pat,Roberts,Pat Roberts (R),N00005285,2018,Leadership PACs,Q03,489076
SenPatRoberts,Pat,Roberts,Pat Roberts (R),N00005285,2018,Oil & Gas,E01,372400
SenPatRoberts,Pat,Roberts,Pat Roberts (R),N00005285,2018,Securities & Investment,F07,358925
SenPatRoberts,Pat,Roberts,Pat Roberts (R),N00005285,2018,Health Professionals,H01,272718
SenPatRoberts,Pat,Roberts,Pat Roberts (R),N00005285,2018,Insurance,F09,266200
SenPatRoberts,Pat,Roberts,Pat Roberts (R),N00005285,2018,Agricultural Services/Products,A07,261947
SenPatRoberts,Pat,Roberts,Pat Roberts (R),N00005285,2018,Lawyers/Law Firms,K01,249947
SenPatRoberts,Pat,Roberts,Pat Roberts (R),N00005285,2018,Retired,W06,245761
SenPatRoberts,Pat,Roberts,Pat Roberts (R),N00005285,2018,Pharmaceuticals/Health Products,H04,238149
SenPatRoberts,Pat,Roberts,Pat Roberts (R),N00005285,2018,Lobbyists,K02,233400
joniernst,Joni,Ernst,Joni Ernst (R),N00035483,2018,Leadership PACs,Q03,363036
joniernst,Joni,Ernst,Joni Ernst (R),N00035483,2018,Retired,W06,349280
joniernst,Joni,Ernst,Joni Ernst (R),N00035483,2018,Securities & Investment,F07,299770
joniernst,Joni,Ernst,Joni Ernst (R),N00035483,2018,Republican/Conservative,Q01,179703
joniernst,Joni,Ernst,Joni Ernst (R),N00035483,2018,Oil & Gas,E01,171100
joniernst,Joni,Ernst,Joni Ernst (R),N00035483,2018,Real Estate,F10,143517
joniernst,Joni,Ernst,Joni Ernst (R),N00035483,2018,Insurance,F09,120235
joniernst,Joni,Ernst,Joni Ernst (R),N00035483,2018,Misc Manufacturing & Distributing,N15,92999
joniernst,Joni,Ernst,Joni Ernst (R),N00035483,2018,Commercial Banks,F03,89650
joniernst,Joni,Ernst,Joni Ernst (R),N00035483,2018,Lawyers/Law Firms,K01,86845
ChuckGrassley,Chuck,Grassley,Chuck Grassley (R),N00001758,2018,Retired,W06,881337
ChuckGrassley,Chuck,Grassley,Chuck Grassley (R),N00001758,2018,Securities & Investment,F07,555957
ChuckGrassley,Chuck,Grassley,Chuck Grassley (R),N00001758,2018,Lawyers/Law Firms,K01,462541
ChuckGrassley,Chuck,Grassley,Chuck Grassley (R),N00001758,2018,Leadership PACs,Q03,450799
ChuckGrassley,Chuck,Grassley,Chuck Grassley (R),N00001758,2018,Health Professionals,H01,346485
ChuckGrassley,Chuck,Grassley,Chuck Grassley (R),N00001758,2018,Lobbyists,K02,299763
ChuckGrassley,Chuck,Grassley,Chuck Grassley (R),N00001758,2018,Insurance,F09,298975
ChuckGrassley,Chuck,Grassley,Chuck Grassley (R),N00001758,2018,Real Estate,F10,288486
ChuckGrassley,Chuck,Grassley,Chuck Grassley (R),N00001758,2018,Agricultural Services/Products,A07,255569
ChuckGrassley,Chuck,Grassley,Chuck Grassley (R),N00001758,2018,Crop Production & Basic Processing,A01,224802
SenToddYoung,Todd,Young,Todd Young (R),N00030670,2018,Retired,W06,2049648
SenToddYoung,Todd,Young,Todd Young (R),N00030670,2018,Securities & Investment,F07,1097595
SenToddYoung,Todd,Young,Todd Young (R),N00030670,2018,Real Estate,F10,853154
SenToddYoung,Todd,Young,Todd Young (R),N00030670,2018,Leadership PACs,Q03,565430
SenToddYoung,Todd,Young,Todd Young (R),N00030670,2018,Lobbyists,K02,445519
SenToddYoung,Todd,Young,Todd Young (R),N00030670,2018,Lawyers/Law Firms,K01,444591
SenToddYoung,Todd,Young,Todd Young (R),N00030670,2018,Health Professionals,H01,431073
SenToddYoung,Todd,Young,Todd Young (R),N00030670,2018,Misc Finance,F13,366922
SenToddYoung,Todd,Young,Todd Young (R),N00030670,2018,Pharmaceuticals/Health Products,H04,366200
SenToddYoung,Todd,Young,Todd Young (R),N00030670,2018,Oil & Gas,E01,360696
SenDonnelly,Joe,Donnelly,Joe Donnelly (D),N00026586,2018,Lawyers/Law Firms,K01,803947
SenDonnelly,Joe,Donnelly,Joe Donnelly (D),N00026586,2018,Securities & Investment,F07,474998
SenDonnelly,Joe,Donnelly,Joe Donnelly (D),N00026586,2018,Leadership PACs,Q03,444700
SenDonnelly,Joe,Donnelly,Joe Donnelly (D),N00026586,2018,Insurance,F09,296074
SenDonnelly,Joe,Donnelly,Joe Donnelly (D),N00026586,2018,Misc Issues,Q10,291578
SenDonnelly,Joe,Donnelly,Joe Donnelly (D),N00026586,2018,Real Estate,F10,273103
SenDonnelly,Joe,Donnelly,Joe Donnelly (D),N00026586,2018,Pharmaceuticals/Health Products,H04,263096
SenDonnelly,Joe,Donnelly,Joe Donnelly (D),N00026586,2018,Commercial Banks,F03,248390
SenDonnelly,Joe,Donnelly,Joe Donnelly (D),N00026586,2018,Lobbyists,K02,217154
SenDonnelly,Joe,Donnelly,Joe Donnelly (D),N00026586,2018,Retired,W06,202797
SenatorDurbin,Dick,Durbin,Dick Durbin (D),N00004981,2018,Lawyers/Law Firms,K01,1236216
SenatorDurbin,Dick,Durbin,Dick Durbin (D),N00004981,2018,Retired,W06,443770
SenatorDurbin,Dick,Durbin,Dick Durbin (D),N00004981,2018,Securities & Investment,F07,312711
SenatorDurbin,Dick,Durbin,Dick Durbin (D),N00004981,2018,Real Estate,F10,289751
SenatorDurbin,Dick,Durbin,Dick Durbin (D),N00004981,2018,Defense Aerospace,D01,284482
SenatorDurbin,Dick,Durbin,Dick Durbin (D),N00004981,2018,Health Professionals,H01,223698
SenatorDurbin,Dick,Durbin,Dick Durbin (D),N00004981,2018,Pro-Israel,Q05,189808
SenatorDurbin,Dick,Durbin,Dick Durbin (D),N00004981,2018,Insurance,F09,176548
SenatorDurbin,Dick,Durbin,Dick Durbin (D),N00004981,2018,Lobbyists,K02,172637
SenatorDurbin,Dick,Durbin,Dick Durbin (D),N00004981,2018,Leadership PACs,Q03,153600
SenDuckworth,Tammy,Duckworth,Tammy Duckworth (D),N00027860,2018,Retired,W06,1328068
SenDuckworth,Tammy,Duckworth,Tammy Duckworth (D),N00027860,2018,Women's Issues,Q08,1316376
SenDuckworth,Tammy,Duckworth,Tammy Duckworth (D),N00027860,2018,Lawyers/Law Firms,K01,1252547
SenDuckworth,Tammy,Duckworth,Tammy Duckworth (D),N00027860,2018,Democratic/Liberal,Q02,727634
SenDuckworth,Tammy,Duckworth,Tammy Duckworth (D),N00027860,2018,Securities & Investment,F07,479765
SenDuckworth,Tammy,Duckworth,Tammy Duckworth (D),N00027860,2018,Leadership PACs,Q03,396000
SenDuckworth,Tammy,Duckworth,Tammy Duckworth (D),N00027860,2018,Education,W04,333280
SenDuckworth,Tammy,Duckworth,Tammy Duckworth (D),N00027860,2018,Pro-Israel,Q05,325984
SenDuckworth,Tammy,Duckworth,Tammy Duckworth (D),N00027860,2018,Real Estate,F10,325790
SenDuckworth,Tammy,Duckworth,Tammy Duckworth (D),N00027860,2018,Environment,Q11,259764
SenatorRisch,Jim,Risch,James E Risch (R),N00029441,2018,Leadership PACs,Q03,197373
SenatorRisch,Jim,Risch,James E Risch (R),N00029441,2018,Oil & Gas,E01,126300
SenatorRisch,Jim,Risch,James E Risch (R),N00029441,2018,Commercial Banks,F03,94500
SenatorRisch,Jim,Risch,James E Risch (R),N00029441,2018,Retired,W06,79991
SenatorRisch,Jim,Risch,James E Risch (R),N00029441,2018,Pro-Israel,Q05,79060
SenatorRisch,Jim,Risch,James E Risch (R),N00029441,2018,Electric Utilities,E08,60000
SenatorRisch,Jim,Risch,James E Risch (R),N00029441,2018,Insurance,F09,59750
SenatorRisch,Jim,Risch,James E Risch (R),N00029441,2018,Real Estate,F10,56511
SenatorRisch,Jim,Risch,James E Risch (R),N00029441,2018,Securities & Investment,F07,52800
SenatorRisch,Jim,Risch,James E Risch (R),N00029441,2018,Lawyers/Law Firms,K01,46000
MikeCrapo,Mike,Crapo,Mike Crapo (R),N00006267,2018,Securities & Investment,F07,904050
MikeCrapo,Mike,Crapo,Mike Crapo (R),N00006267,2018,Insurance,F09,520750
MikeCrapo,Mike,Crapo,Mike Crapo (R),N00006267,2018,Leadership PACs,Q03,434600
MikeCrapo,Mike,Crapo,Mike Crapo (R),N00006267,2018,Commercial Banks,F03,404550
MikeCrapo,Mike,Crapo,Mike Crapo (R),N00006267,2018,Real Estate,F10,300010
MikeCrapo,Mike,Crapo,Mike Crapo (R),N00006267,2018,Lobbyists,K02,229452
MikeCrapo,Mike,Crapo,Mike Crapo (R),N00006267,2018,Finance/Credit Companies,F06,219300
MikeCrapo,Mike,Crapo,Mike Crapo (R),N00006267,2018,Health Services/HMOs,H03,211500
MikeCrapo,Mike,Crapo,Mike Crapo (R),N00006267,2018,Misc Finance,F13,204952
MikeCrapo,Mike,Crapo,Mike Crapo (R),N00006267,2018,Lawyers/Law Firms,K01,192504
maziehirono,Mazie,Hirono,Mazie K Hirono (D),N00028139,2018,Lawyers/Law Firms,K01,453525
maziehirono,Mazie,Hirono,Mazie K Hirono (D),N00028139,2018,Leadership PACs,Q03,210000
maziehirono,Mazie,Hirono,Mazie K Hirono (D),N00028139,2018,Lobbyists,K02,108209
maziehirono,Mazie,Hirono,Mazie K Hirono (D),N00028139,2018,Sea Transport,M05,94152
maziehirono,Mazie,Hirono,Mazie K Hirono (D),N00028139,2018,Real Estate,F10,86769
maziehirono,Mazie,Hirono,Mazie K Hirono (D),N00028139,2018,Human Rights,Q09,76689
maziehirono,Mazie,Hirono,Mazie K Hirono (D),N00028139,2018,Retired,W06,66245
maziehirono,Mazie,Hirono,Mazie K Hirono (D),N00028139,2018,Securities & Investment,F07,57150
maziehirono,Mazie,Hirono,Mazie K Hirono (D),N00028139,2018,Women's Issues,Q08,56418
maziehirono,Mazie,Hirono,Mazie K Hirono (D),N00028139,2018,Democratic/Liberal,Q02,55417
brianschatz,Brian,Schatz,Brian Schatz (D),N00028138,2018,Lawyers/Law Firms,K01,1074872
brianschatz,Brian,Schatz,Brian Schatz (D),N00028138,2018,Real Estate,F10,583391
brianschatz,Brian,Schatz,Brian Schatz (D),N00028138,2018,Leadership PACs,Q03,478200
brianschatz,Brian,Schatz,Brian Schatz (D),N00028138,2018,Securities & Investment,F07,329616
brianschatz,Brian,Schatz,Brian Schatz (D),N00028138,2018,Environment,Q11,291467
brianschatz,Brian,Schatz,Brian Schatz (D),N00028138,2018,Lobbyists,K02,279020
brianschatz,Brian,Schatz,Brian Schatz (D),N00028138,2018,Sea Transport,M05,267100
brianschatz,Brian,Schatz,Brian Schatz (D),N00028138,2018,Telecom Services,B09,222450
brianschatz,Brian,Schatz,Brian Schatz (D),N00028138,2018,Retired,W06,217454
brianschatz,Brian,Schatz,Brian Schatz (D),N00028138,2018,Misc Finance,F13,209165
SenatorIsakson,Johnny,Isakson,Johnny Isakson (R),N00002593,2018,Real Estate,F10,747886
SenatorIsakson,Johnny,Isakson,Johnny Isakson (R),N00002593,2018,Retired,W06,505174
SenatorIsakson,Johnny,Isakson,Johnny Isakson (R),N00002593,2018,Lawyers/Law Firms,K01,499980
SenatorIsakson,Johnny,Isakson,Johnny Isakson (R),N00002593,2018,Insurance,F09,494050
SenatorIsakson,Johnny,Isakson,Johnny Isakson (R),N00002593,2018,Leadership PACs,Q03,401300
SenatorIsakson,Johnny,Isakson,Johnny Isakson (R),N00002593,2018,Health Professionals,H01,324075
SenatorIsakson,Johnny,Isakson,Johnny Isakson (R),N00002593,2018,Securities & Investment,F07,312400
SenatorIsakson,Johnny,Isakson,Johnny Isakson (R),N00002593,2018,Pharmaceuticals/Health Products,H04,301600
SenatorIsakson,Johnny,Isakson,Johnny Isakson (R),N00002593,2018,Retail Sales,N03,273250
SenatorIsakson,Johnny,Isakson,Johnny Isakson (R),N00002593,2018,Lobbyists,K02,225043
sendavidperdue,David,Perdue,David Perdue (R),N00035516,2018,Retired,W06,1794578
sendavidperdue,David,Perdue,David Perdue (R),N00035516,2018,Securities & Investment,F07,777967
sendavidperdue,David,Perdue,David Perdue (R),N00035516,2018,Real Estate,F10,513162
sendavidperdue,David,Perdue,David Perdue (R),N00035516,2018,Lawyers/Law Firms,K01,356092
sendavidperdue,David,Perdue,David Perdue (R),N00035516,2018,Leadership PACs,Q03,319100
sendavidperdue,David,Perdue,David Perdue (R),N00035516,2018,Insurance,F09,293245
sendavidperdue,David,Perdue,David Perdue (R),N00035516,2018,Health Professionals,H01,231340
sendavidperdue,David,Perdue,David Perdue (R),N00035516,2018,Food & Beverage,N01,223800
sendavidperdue,David,Perdue,David Perdue (R),N00035516,2018,Misc Finance,F13,222750
sendavidperdue,David,Perdue,David Perdue (R),N00035516,2018,Republican/Conservative,Q01,204128
marcorubio,Marco,Rubio,Marco Rubio (R),N00030612,2018,Retired,W06,4224795
marcorubio,Marco,Rubio,Marco Rubio (R),N00030612,2018,Securities & Investment,F07,1706089
marcorubio,Marco,Rubio,Marco Rubio (R),N00030612,2018,Real Estate,F10,1314432
marcorubio,Marco,Rubio,Marco Rubio (R),N00030612,2018,Republican/Conservative,Q01,1239756
marcorubio,Marco,Rubio,Marco Rubio (R),N00030612,2018,Lawyers/Law Firms,K01,853939
marcorubio,Marco,Rubio,Marco Rubio (R),N00030612,2018,Misc Finance,F13,553684
marcorubio,Marco,Rubio,Marco Rubio (R),N00030612,2018,Oil & Gas,E01,495927
marcorubio,Marco,Rubio,Marco Rubio (R),N00030612,2018,Business Services,N05,410091
marcorubio,Marco,Rubio,Marco Rubio (R),N00030612,2018,Leadership PACs,Q03,408300
marcorubio,Marco,Rubio,Marco Rubio (R),N00030612,2018,Health Professionals,H01,387791
SenBillNelson,Bill,Nelson,Bill Nelson (D),N00009926,2018,Lawyers/Law Firms,K01,1499968
SenBillNelson,Bill,Nelson,Bill Nelson (D),N00009926,2018,Retired,W06,882317
SenBillNelson,Bill,Nelson,Bill Nelson (D),N00009926,2018,Democratic/Liberal,Q02,413231
SenBillNelson,Bill,Nelson,Bill Nelson (D),N00009926,2018,Securities & Investment,F07,386502
SenBillNelson,Bill,Nelson,Bill Nelson (D),N00009926,2018,Real Estate,F10,382670
SenBillNelson,Bill,Nelson,Bill Nelson (D),N00009926,2018,Lobbyists,K02,364745
SenBillNelson,Bill,Nelson,Bill Nelson (D),N00009926,2018,Leadership PACs,Q03,350150
SenBillNelson,Bill,Nelson,Bill Nelson (D),N00009926,2018,TV/Movies/Music,B02,233288
SenBillNelson,Bill,Nelson,Bill Nelson (D),N00009926,2018,Telecom Services,B09,209881
SenBillNelson,Bill,Nelson,Bill Nelson (D),N00009926,2018,Business Services,N05,193407
ChrisCoons,Chris,Coons,Chris Coons (D),N00031820,2018,Lawyers/Law Firms,K01,1029394
ChrisCoons,Chris,Coons,Chris Coons (D),N00031820,2018,Securities & Investment,F07,373599
ChrisCoons,Chris,Coons,Chris Coons (D),N00031820,2018,Leadership PACs,Q03,300000
ChrisCoons,Chris,Coons,Chris Coons (D),N00031820,2018,Lobbyists,K02,173043
ChrisCoons,Chris,Coons,Chris Coons (D),N00031820,2018,Pharmaceuticals/Health Products,H04,171300
ChrisCoons,Chris,Coons,Chris Coons (D),N00031820,2018,Commercial Banks,F03,151500
ChrisCoons,Chris,Coons,Chris Coons (D),N00031820,2018,Real Estate,F10,149998
ChrisCoons,Chris,Coons,Chris Coons (D),N00031820,2018,TV/Movies/Music,B02,147893
ChrisCoons,Chris,Coons,Chris Coons (D),N00031820,2018,Pro-Israel,Q05,133300
ChrisCoons,Chris,Coons,Chris Coons (D),N00031820,2018,Insurance,F09,115302
SenatorCarper,Tom,Carper,Tom Carper (D),N00012508,2018,Insurance,F09,250560
SenatorCarper,Tom,Carper,Tom Carper (D),N00012508,2018,Securities & Investment,F07,177810
SenatorCarper,Tom,Carper,Tom Carper (D),N00012508,2018,Leadership PACs,Q03,139500
SenatorCarper,Tom,Carper,Tom Carper (D),N00012508,2018,Pharmaceuticals/Health Products,H04,135510
SenatorCarper,Tom,Carper,Tom Carper (D),N00012508,2018,Lawyers/Law Firms,K01,100489
SenatorCarper,Tom,Carper,Tom Carper (D),N00012508,2018,Chemical & Related Manufacturing,N13,90308
SenatorCarper,Tom,Carper,Tom Carper (D),N00012508,2018,Health Professionals,H01,77880
SenatorCarper,Tom,Carper,Tom Carper (D),N00012508,2018,Retired,W06,74888
SenatorCarper,Tom,Carper,Tom Carper (D),N00012508,2018,Commercial Banks,F03,68239
SenatorCarper,Tom,Carper,Tom Carper (D),N00012508,2018,Electric Utilities,E08,60730
SenBlumenthal,Richard,Blumenthal,Richard Blumenthal (D),N00031685,2018,Lawyers/Law Firms,K01,1231218
SenBlumenthal,Richard,Blumenthal,Richard Blumenthal (D),N00031685,2018,Securities & Investment,F07,855511
SenBlumenthal,Richard,Blumenthal,Richard Blumenthal (D),N00031685,2018,Real Estate,F10,447803
SenBlumenthal,Richard,Blumenthal,Richard Blumenthal (D),N00031685,2018,Retired,W06,381408
SenBlumenthal,Richard,Blumenthal,Richard Blumenthal (D),N00031685,2018,Leadership PACs,Q03,336500
SenBlumenthal,Richard,Blumenthal,Richard Blumenthal (D),N00031685,2018,Lobbyists,K02,275702
SenBlumenthal,Richard,Blumenthal,Richard Blumenthal (D),N00031685,2018,Health Professionals,H01,253665
SenBlumenthal,Richard,Blumenthal,Richard Blumenthal (D),N00031685,2018,Telecom Services,B09,245220
SenBlumenthal,Richard,Blumenthal,Richard Blumenthal (D),N00031685,2018,TV/Movies/Music,B02,200804
SenBlumenthal,Richard,Blumenthal,Richard Blumenthal (D),N00031685,2018,Misc Finance,F13,173330
ChrisMurphyCT,Chris,Murphy,Christopher S Murphy (D),N00027566,2018,Retired,W06,936003
ChrisMurphyCT,Chris,Murphy,Christopher S Murphy (D),N00027566,2018,Lawyers/Law Firms,K01,921897
ChrisMurphyCT,Chris,Murphy,Christopher S Murphy (D),N00027566,2018,Democratic/Liberal,Q02,728678
ChrisMurphyCT,Chris,Murphy,Christopher S Murphy (D),N00027566,2018,Securities & Investment,F07,531740
ChrisMurphyCT,Chris,Murphy,Christopher S Murphy (D),N00027566,2018,Education,W04,299108
ChrisMurphyCT,Chris,Murphy,Christopher S Murphy (D),N00027566,2018,Real Estate,F10,291586
ChrisMurphyCT,Chris,Murphy,Christopher S Murphy (D),N00027566,2018,Health Professionals,H01,266662
ChrisMurphyCT,Chris,Murphy,Christopher S Murphy (D),N00027566,2018,Insurance,F09,233567
ChrisMurphyCT,Chris,Murphy,Christopher S Murphy (D),N00027566,2018,Printing & Publishing,B01,218498
ChrisMurphyCT,Chris,Murphy,Christopher S Murphy (D),N00027566,2018,Business Services,N05,209060
SenCoryGardner,Cory,Gardner,Cory Gardner (R),N00030780,2018,Retired,W06,1498721
SenCoryGardner,Cory,Gardner,Cory Gardner (R),N00030780,2018,Securities & Investment,F07,884045
SenCoryGardner,Cory,Gardner,Cory Gardner (R),N00030780,2018,Oil & Gas,E01,757599
SenCoryGardner,Cory,Gardner,Cory Gardner (R),N00030780,2018,Real Estate,F10,557206
SenCoryGardner,Cory,Gardner,Cory Gardner (R),N00030780,2018,Leadership PACs,Q03,406194
SenCoryGardner,Cory,Gardner,Cory Gardner (R),N00030780,2018,Republican/Conservative,Q01,373655
SenCoryGardner,Cory,Gardner,Cory Gardner (R),N00030780,2018,Misc Finance,F13,308211
SenCoryGardner,Cory,Gardner,Cory Gardner (R),N00030780,2018,Lobbyists,K02,264452
SenCoryGardner,Cory,Gardner,Cory Gardner (R),N00030780,2018,Lawyers/Law Firms,K01,264086
SenCoryGardner,Cory,Gardner,Cory Gardner (R),N00030780,2018,Commercial Banks,F03,259756
SenBennetCO,Michael,Bennet,Michael F Bennet (D),N00030608,2018,Securities & Investment,F07,1915157
SenBennetCO,Michael,Bennet,Michael F Bennet (D),N00030608,2018,Lawyers/Law Firms,K01,1886256
SenBennetCO,Michael,Bennet,Michael F Bennet (D),N00030608,2018,Retired,W06,955939
SenBennetCO,Michael,Bennet,Michael F Bennet (D),N00030608,2018,Real Estate,F10,913741
SenBennetCO,Michael,Bennet,Michael F Bennet (D),N00030608,2018,Democratic/Liberal,Q02,734806
SenBennetCO,Michael,Bennet,Michael F Bennet (D),N00030608,2018,Education,W04,524900
SenBennetCO,Michael,Bennet,Michael F Bennet (D),N00030608,2018,Environment,Q11,507161
SenBennetCO,Michael,Bennet,Michael F Bennet (D),N00030608,2018,Lobbyists,K02,476811
SenBennetCO,Michael,Bennet,Michael F Bennet (D),N00030608,2018,Health Professionals,H01,473283
SenBennetCO,Michael,Bennet,Michael F Bennet (D),N00030608,2018,TV/Movies/Music,B02,462336
SenKamalaHarris,Kamala,Harris,Kamala D Harris (D),N00036915,2018,Lawyers/Law Firms,K01,2258912
SenKamalaHarris,Kamala,Harris,Kamala D Harris (D),N00036915,2018,TV/Movies/Music,B02,1023263
SenKamalaHarris,Kamala,Harris,Kamala D Harris (D),N00036915,2018,Retired,W06,908446
SenKamalaHarris,Kamala,Harris,Kamala D Harris (D),N00036915,2018,Women's Issues,Q08,855541
SenKamalaHarris,Kamala,Harris,Kamala D Harris (D),N00036915,2018,Securities & Investment,F07,747765
SenKamalaHarris,Kamala,Harris,Kamala D Harris (D),N00036915,2018,Real Estate,F10,521828
SenKamalaHarris,Kamala,Harris,Kamala D Harris (D),N00036915,2018,Democratic/Liberal,Q02,428284
SenKamalaHarris,Kamala,Harris,Kamala D Harris (D),N00036915,2018,Business Services,N05,409557
SenKamalaHarris,Kamala,Harris,Kamala D Harris (D),N00036915,2018,Education,W04,311949
SenKamalaHarris,Kamala,Harris,Kamala D Harris (D),N00036915,2018,Electronics Mfg & Equip,B12,305240
SenFeinstein,Dianne,Feinstein,Dianne Feinstein (D),N00007364,2018,Lawyers/Law Firms,K01,334562
SenFeinstein,Dianne,Feinstein,Dianne Feinstein (D),N00007364,2018,Women's Issues,Q08,147144
SenFeinstein,Dianne,Feinstein,Dianne Feinstein (D),N00007364,2018,Leadership PACs,Q03,142000
SenFeinstein,Dianne,Feinstein,Dianne Feinstein (D),N00007364,2018,Securities & Investment,F07,138700
SenFeinstein,Dianne,Feinstein,Dianne Feinstein (D),N00007364,2018,Lobbyists,K02,138114
SenFeinstein,Dianne,Feinstein,Dianne Feinstein (D),N00007364,2018,Retired,W06,137127
SenFeinstein,Dianne,Feinstein,Dianne Feinstein (D),N00007364,2018,TV/Movies/Music,B02,135538
SenFeinstein,Dianne,Feinstein,Dianne Feinstein (D),N00007364,2018,Electric Utilities,E08,133475
SenFeinstein,Dianne,Feinstein,Dianne Feinstein (D),N00007364,2018,Real Estate,F10,126322
SenFeinstein,Dianne,Feinstein,Dianne Feinstein (D),N00007364,2018,Misc Finance,F13,83565
JohnBoozman,John,Boozman,John Boozman (R),N00013873,2018,Health Professionals,H01,318515
JohnBoozman,John,Boozman,John Boozman (R),N00013873,2018,Leadership PACs,Q03,311034
JohnBoozman,John,Boozman,John Boozman (R),N00013873,2018,Retired,W06,283174
JohnBoozman,John,Boozman,John Boozman (R),N00013873,2018,Securities & Investment,F07,269750
JohnBoozman,John,Boozman,John Boozman (R),N00013873,2018,Commercial Banks,F03,197000
JohnBoozman,John,Boozman,John Boozman (R),N00013873,2018,Real Estate,F10,182841
JohnBoozman,John,Boozman,John Boozman (R),N00013873,2018,Oil & Gas,E01,150250
JohnBoozman,John,Boozman,John Boozman (R),N00013873,2018,Crop Production & Basic Processing,A01,134437
JohnBoozman,John,Boozman,John Boozman (R),N00013873,2018,Insurance,F09,124200
JohnBoozman,John,Boozman,John Boozman (R),N00013873,2018,Retail Sales,N03,124040
SenTomCotton,Tom,Cotton,Tom Cotton (R),N00033363,2018,Securities & Investment,F07,1567790
SenTomCotton,Tom,Cotton,Tom Cotton (R),N00033363,2018,Retired,W06,1335040
SenTomCotton,Tom,Cotton,Tom Cotton (R),N00033363,2018,Republican/Conservative,Q01,945260
SenTomCotton,Tom,Cotton,Tom Cotton (R),N00033363,2018,Real Estate,F10,548840
SenTomCotton,Tom,Cotton,Tom Cotton (R),N00033363,2018,Lawyers/Law Firms,K01,487486
SenTomCotton,Tom,Cotton,Tom Cotton (R),N00033363,2018,Oil & Gas,E01,464655
SenTomCotton,Tom,Cotton,Tom Cotton (R),N00033363,2018,Leadership PACs,Q03,458871
SenTomCotton,Tom,Cotton,Tom Cotton (R),N00033363,2018,Health Professionals,H01,426396
SenTomCotton,Tom,Cotton,Tom Cotton (R),N00033363,2018,Commercial Banks,F03,383339
SenTomCotton,Tom,Cotton,Tom Cotton (R),N00033363,2018,Misc Finance,F13,350806
JeffFlake,Jeff,Flake,Jeff Flake (R),N00009573,2018,Securities & Investment,F07,329300
JeffFlake,Jeff,Flake,Jeff Flake (R),N00009573,2018,Retired,W06,316493
JeffFlake,Jeff,Flake,Jeff Flake (R),N00009573,2018,Lawyers/Law Firms,K01,286330
JeffFlake,Jeff,Flake,Jeff Flake (R),N00009573,2018,Real Estate,F10,262957
JeffFlake,Jeff,Flake,Jeff Flake (R),N00009573,2018,Leadership PACs,Q03,231319
JeffFlake,Jeff,Flake,Jeff Flake (R),N00009573,2018,Lobbyists,K02,159451
JeffFlake,Jeff,Flake,Jeff Flake (R),N00009573,2018,Electric Utilities,E08,116850
JeffFlake,Jeff,Flake,Jeff Flake (R),N00009573,2018,Misc Finance,F13,106350
JeffFlake,Jeff,Flake,Jeff Flake (R),N00009573,2018,Insurance,F09,103400
JeffFlake,Jeff,Flake,Jeff Flake (R),N00009573,2018,Oil & Gas,E01,92400
SenJohnMcCain,John,McCain,John McCain (R),N00006424,2018,Retired,W06,1150564
SenJohnMcCain,John,McCain,John McCain (R),N00006424,2018,Securities & Investment,F07,940450
SenJohnMcCain,John,McCain,John McCain (R),N00006424,2018,Real Estate,F10,697204
SenJohnMcCain,John,McCain,John McCain (R),N00006424,2018,Lawyers/Law Firms,K01,533095
SenJohnMcCain,John,McCain,John McCain (R),N00006424,2018,Leadership PACs,Q03,455500
SenJohnMcCain,John,McCain,John McCain (R),N00006424,2018,Business Services,N05,289398
SenJohnMcCain,John,McCain,John McCain (R),N00006424,2018,Pro-Israel,Q05,263334
SenJohnMcCain,John,McCain,John McCain (R),N00006424,2018,Misc Finance,F13,241385
SenJohnMcCain,John,McCain,John McCain (R),N00006424,2018,Lobbyists,K02,239106
SenJohnMcCain,John,McCain,John McCain (R),N00006424,2018,Insurance,F09,224645
SenDanSullivan,Dan,Sullivan,Dan Sullivan (R),N00035774,2018,Securities & Investment,F07,1117337
SenDanSullivan,Dan,Sullivan,Dan Sullivan (R),N00035774,2018,Retired,W06,735685
SenDanSullivan,Dan,Sullivan,Dan Sullivan (R),N00035774,2018,Republican/Conservative,Q01,599623
SenDanSullivan,Dan,Sullivan,Dan Sullivan (R),N00035774,2018,Real Estate,F10,475293
SenDanSullivan,Dan,Sullivan,Dan Sullivan (R),N00035774,2018,Oil & Gas,E01,433735
SenDanSullivan,Dan,Sullivan,Dan Sullivan (R),N00035774,2018,Leadership PACs,Q03,305100
SenDanSullivan,Dan,Sullivan,Dan Sullivan (R),N00035774,2018,Lawyers/Law Firms,K01,293086
SenDanSullivan,Dan,Sullivan,Dan Sullivan (R),N00035774,2018,Misc Finance,F13,246984
SenDanSullivan,Dan,Sullivan,Dan Sullivan (R),N00035774,2018,Misc Manufacturing & Distributing,N15,170000
SenDanSullivan,Dan,Sullivan,Dan Sullivan (R),N00035774,2018,Business Services,N05,142210
lisamurkowski,Lisa,Murkowski,Lisa Murkowski (R),N00026050,2018,Oil & Gas,E01,770346
lisamurkowski,Lisa,Murkowski,Lisa Murkowski (R),N00026050,2018,Electric Utilities,E08,558112
lisamurkowski,Lisa,Murkowski,Lisa Murkowski (R),N00026050,2018,Leadership PACs,Q03,428493
lisamurkowski,Lisa,Murkowski,Lisa Murkowski (R),N00026050,2018,Securities & Investment,F07,320853
lisamurkowski,Lisa,Murkowski,Lisa Murkowski (R),N00026050,2018,Lawyers/Law Firms,K01,299732
lisamurkowski,Lisa,Murkowski,Lisa Murkowski (R),N00026050,2018,Lobbyists,K02,178760
lisamurkowski,Lisa,Murkowski,Lisa Murkowski (R),N00026050,2018,Real Estate,F10,174700
lisamurkowski,Lisa,Murkowski,Lisa Murkowski (R),N00026050,2018,Retired,W06,172485
lisamurkowski,Lisa,Murkowski,Lisa Murkowski (R),N00026050,2018,Misc Energy,E07,163250
lisamurkowski,Lisa,Murkowski,Lisa Murkowski (R),N00026050,2018,Food & Beverage,N01,154300
SenShelby,Richard,Shelby,Richard C Shelby (R),N00009920,2018,Securities & Investment,F07,485550
SenShelby,Richard,Shelby,Richard C Shelby (R),N00009920,2018,Commercial Banks,F03,458771
SenShelby,Richard,Shelby,Richard C Shelby (R),N00009920,2018,Insurance,F09,311300
SenShelby,Richard,Shelby,Richard C Shelby (R),N00009920,2018,Lawyers/Law Firms,K01,219150
SenShelby,Richard,Shelby,Richard C Shelby (R),N00009920,2018,Real Estate,F10,179650
SenShelby,Richard,Shelby,Richard C Shelby (R),N00009920,2018,Finance/Credit Companies,F06,170200
SenShelby,Richard,Shelby,Richard C Shelby (R),N00009920,2018,Leadership PACs,Q03,161000
SenShelby,Richard,Shelby,Richard C Shelby (R),N00009920,2018,Defense Aerospace,D01,116700
SenShelby,Richard,Shelby,Richard C Shelby (R),N00009920,2018,Lobbyists,K02,108263
SenShelby,Richard,Shelby,Richard C Shelby (R),N00009920,2018,Misc Finance,F13,104025
SenateMajLdr,Mitch,McConnell,Mitch McConnell (R),N00003389,2018,Securities & Investment,F07,1845051
SenateMajLdr,Mitch,McConnell,Mitch McConnell (R),N00003389,2018,Retired,W06,1225663
SenateMajLdr,Mitch,McConnell,Mitch McConnell (R),N00003389,2018,Lawyers/Law Firms,K01,879286
SenateMajLdr,Mitch,McConnell,Mitch McConnell (R),N00003389,2018,Insurance,F09,861975
SenateMajLdr,Mitch,McConnell,Mitch McConnell (R),N00003389,2018,Health Professionals,H01,799365
SenateMajLdr,Mitch,McConnell,Mitch McConnell (R),N00003389,2018,Real Estate,F10,786965
SenateMajLdr,Mitch,McConnell,Mitch McConnell (R),N00003389,2018,Oil & Gas,E01,762184
SenateMajLdr,Mitch,McConnell,Mitch McConnell (R),N00003389,2018,Lobbyists,K02,588285
SenateMajLdr,Mitch,McConnell,Mitch McConnell (R),N00003389,2018,Pharmaceuticals/Health Products,H04,470273
SenateMajLdr,Mitch,McConnell,Mitch McConnell (R),N00003389,2018,Misc Finance,F13,469055
SenateMajLdr,Mitch,McConnell,Mitch McConnell (R),N00003389,2018,Securities & Investment,F07,1845051
SenateMajLdr,Mitch,McConnell,Mitch McConnell (R),N00003389,2018,Retired,W06,1225663
SenateMajLdr,Mitch,McConnell,Mitch McConnell (R),N00003389,2018,Lawyers/Law Firms,K01,879286
SenateMajLdr,Mitch,McConnell,Mitch McConnell (R),N00003389,2018,Insurance,F09,861975
SenateMajLdr,Mitch,McConnell,Mitch McConnell (R),N00003389,2018,Health Professionals,H01,799365
SenateMajLdr,Mitch,McConnell,Mitch McConnell (R),N00003389,2018,Real Estate,F10,786965
SenateMajLdr,Mitch,McConnell,Mitch McConnell (R),N00003389,2018,Oil & Gas,E01,762184
SenateMajLdr,Mitch,McConnell,Mitch McConnell (R),N00003389,2018,Lobbyists,K02,588285
SenateMajLdr,Mitch,McConnell,Mitch McConnell (R),N00003389,2018,Pharmaceuticals/Health Products,H04,470273
SenateMajLdr,Mitch,McConnell,Mitch McConnell (R),N00003389,2018,Misc Finance,F13,469055
